Sequence,Length,Conflict_Type,Dataset_Count,Dataset_1,Label_1,Source_1,ID_1,Dataset_2,Label_2,Source_2,ID_2,Dataset_3,Label_3,Source_3,ID_3,Dataset_4,Label_4,Source_4,ID_4
GVIPCGESCVFIPCISTLLGCSCKNKVCYRN,31,Label_Mismatch,3,Initial_TS_AVP,1,DRAVP,DRAVPe00279,Initial_TS_non_AVP,0,UniProt,sp|P56879|,Initial_TR_AVP,1,Stack-AVP-TR_pos,Positive_4399,,,,
GIPCGESCVWIPCISAALGCSCKNKVCYRN,30,Label_Mismatch,3,Initial_TS_AVP,1,DRAVP,DRAVPe00278,Initial_TS_non_AVP,0,UniProt,sp|C0HKH8|,Initial_TR_AVP,1,AVP-HNCL_non-AMP,pos1854,,,,
GLPICGETCVGGTCNTPGCSCSWPVCTRN,29,Label_Mismatch,3,Initial_TS_AVP,1,DRAVP,DRAVPe00298,Initial_TS_non_AVP,0,UniProt,sp|P83835|,Initial_TR_AVP,1,AVP-HNCL_non-AMP,pos1863,,,,
GSVLNCGETCLLGTCYTTGCTCNKYRVCTKD,31,Label_Mismatch,3,Initial_TS_AVP,1,DRAVP,DRAVPe00297,Initial_TS_non_AVP,0,UniProt,sp|P85175|,Initial_TR_AVP,1,Stack-AVP-TR_pos,Positive_1293,,,,
GDPTFCGETCRVIPVCTYSAALGCTCDDRSDGLCKRN,37,Label_Mismatch,3,Initial_TS_AVP,1,DRAVP,DRAVPe00292,Initial_TS_non_AVP,0,UniProt,sp|P84645|,Initial_TR_AVP,1,Stack-AVP-TR_pos,Positive_241,,,,
GLPTCGETCFGGTCNTPGCTCDPWPVCTHN,30,Label_Mismatch,3,Initial_TS_AVP,1,DRAVP,DRAVPe00290,Initial_TS_non_AVP,0,UniProt,sp|P85187|,Initial_TR_AVP,1,AVP-HNCL_non-AMP,pos1882,,,,
GSIPACGESCFKGKCYTPGCSCSKYPLCAKN,31,Label_Mismatch,3,Initial_TS_AVP,1,DRAVP,DRAVPe00289,Initial_TS_non_AVP,0,UniProt,sp|P85177|,Initial_TR_AVP,1,AVP-HNCL_non-AMP,pos1881,,,,
GFPCGESCVFIPCISAAIGCSCKNKVCYRN,30,Label_Mismatch,3,Initial_TS_AVP,1,DRAVP,DRAVPe00287,Initial_TS_non_AVP,0,UniProt,sp|P84640|,Initial_TR_AVP,1,Stack-AVP-TR_pos,Positive_1259,,,,
GIPCGESCVFIPCLTTVAGCSCKNKVCYRN,30,Label_Mismatch,3,Initial_TS_AVP,1,DRAVP,DRAVPe00286,Initial_TS_non_AVP,0,UniProt,sp|P84639|,Initial_TR_AVP,1,AVP-HNCL_non-AMP,pos1888,,,,
GLNTLKKVFQGLHEAIKLINNHVQ,24,Label_Mismatch,3,Initial_TS_AVP,1,DRAVP,DRAVPe00318,Initial_TS_non_AVP,0,UniProt,sp|P83188|,Initial_TR_AVP,1,Stack-AVP-TR_pos,Positive_1341,,,,
HVDKKVADKVLLLKQLRIMRLLTRL,25,Label_Mismatch,3,Initial_TS_AVP,1,DRAVP,DRAVPe00317,Initial_TS_non_AVP,0,UniProt,sp|P82357|,Initial_TR_AVP,1,Stack-AVP-TR_pos,Positive_4565,,,,
LLKELWTKIKGAGKAVLGKIKGLL,24,Label_Mismatch,3,Initial_TS_AVP,1,DRAVP,DRAVPe00316,Initial_TS_non_AVP,0,UniProt,sp|P82422|,Initial_TR_AVP,1,Stack-AVP-TR_pos,Positive_650,,,,
TRSSRAGLQFPVGRVHRLLRK,21,Label_Mismatch,3,Initial_TS_AVP,1,DRAVP,DRAVPe00314,Initial_TS_non_AVP,0,UniProt,sp|P0DQL2|,Initial_TR_AVP,1,Stack-AVP-TR_pos,Positive_1542,,,,
FFGKVLKLIRKIF,13,Label_Mismatch,3,Initial_TS_AVP,1,DRAVP,DRAVPe00310,Initial_TR_AVP,1,Stack-AVP-TR_pos,Positive_634,Initial_TR_non_AVP,0,AVP-HNCL_non-AVP,neg1268,,,,
FRPALIVRTKGTRL,14,Label_Mismatch,2,Initial_TS_AVP,1,DRAVP,DRAVPe00309,Initial_TS_non_AVP,0,UniProt,sp|P84957|,,,,,,,,
FLFPLITSFLSKVL,14,Label_Mismatch,3,Initial_TS_AVP,1,DRAVP,DRAVPe00306,Initial_TS_non_AVP,0,UniProt,sp|P82824|,Initial_TR_AVP,1,AVP-HNCL_non-AMP,pos1907,,,,
VDKPDYRPRPRPPNM,15,Label_Mismatch,3,Initial_TS_AVP,1,DRAVP,DRAVPe00305,Initial_TS_non_AVP,0,UniProt,sp|P80408|,Initial_TR_AVP,1,Stack-AVP-TR_pos,Positive_2812,,,,
IWLTALKFLGKHAAKHLAKQQLSKL,25,Label_Mismatch,3,Initial_TS_AVP,1,DRAVP,DRAVPe00321,Initial_TS_non_AVP,0,UniProt,sp|P61507|,Initial_TR_AVP,1,Stack-AVP-TR_pos,Positive_3017,,,,
RQRVEELSKFSKKGAAARRRK,21,Label_Mismatch,3,Initial_TS_AVP,1,DRAVP,DRAVPe00319,Initial_TS_non_AVP,0,UniProt,sp|P81474|,Initial_TR_AVP,1,Stack-AVP-TR_pos,Positive_1387,,,,
GFLSILKKVLPKVMAHMK,18,Label_Mismatch,3,Initial_TS_AVP,1,DRAVP,DRAVPe00345,Initial_TS_non_AVP,0,UniProt,sp|P86170|,Initial_TR_AVP,1,Stack-AVP-TR_pos,Positive_727,,,,
GLADFLNKAVGKVVDFVKS,19,Label_Mismatch,3,Initial_TS_AVP,1,DRAVP,DRAVPe00344,Initial_TS_non_AVP,0,UniProt,sp|P86136|,Initial_TR_AVP,1,Stack-AVP-TR_pos,Positive_3931,,,,
GFKDLLKGAAKALVKTVLF,19,Label_Mismatch,3,Initial_TS_AVP,1,DRAVP,DRAVPe00343,Initial_TS_non_AVP,0,UniProt,sp|P0CJ32|,Initial_TR_AVP,1,Stack-AVP-TR_pos,Positive_1325,,,,
GLLSVLGSVVKHVIPHVVPVIAEHL,25,Label_Mismatch,3,Initial_TS_AVP,1,DRAVP,DRAVPe00360,Initial_TS_non_AVP,0,UniProt,sp|P56230|,Initial_TR_AVP,1,Stack-AVP-TR_pos,Positive_2694,,,,
GLLGVLGSVAKHVLPHVVPVIAEHL,25,Label_Mismatch,3,Initial_TS_AVP,1,DRAVP,DRAVPe00359,Initial_TS_non_AVP,0,UniProt,sp|P56227|,Initial_TR_AVP,1,Stack-AVP-TR_pos,Positive_2889,,,,
GLLSVLGSVAKHVLPHVVPVIAEKL,25,Label_Mismatch,3,Initial_TS_AVP,1,DRAVP,DRAVPe00358,Initial_TS_non_AVP,0,UniProt,sp|P82104|,Initial_TR_AVP,1,AVP-HNCL_non-AMP,pos1924,,,,
GLFKVLGSVAKHLLPHVAPIIAEKL,25,Label_Mismatch,3,Initial_TS_AVP,1,DRAVP,DRAVPe00357,Initial_TS_non_AVP,0,UniProt,sp|P0C2A8|,Initial_TR_AVP,1,AVP-HNCL_non-AMP,pos1918,,,,
GLFKVLGSVAKHLLPHVAPVIAEKL,25,Label_Mismatch,2,Initial_TS_AVP,1,DRAVP,DRAVPe00356,Initial_TS_non_AVP,0,UniProt,sp|P62548|,,,,,,,,
GLFSVLGAVAKHVLPHVVPVIAEKL,25,Label_Mismatch,2,Initial_TS_AVP,1,DRAVP,DRAVPe00355,Initial_TS_non_AVP,0,UniProt,sp|P86503|,,,,,,,,
GLFGVLGSIAKHVLPHVVPVIAEKL,25,Label_Mismatch,3,Initial_TS_AVP,1,DRAVP,DRAVPe00354,Initial_TS_non_AVP,0,UniProt,sp|P81252|,Initial_TR_AVP,1,AVP-HNCL_non-AMP,pos1865,,,,
GLLSVLGSVAKHVLPHVVPVIAEHL,25,Label_Mismatch,3,Initial_TS_AVP,1,DRAVP,DRAVPe00353,Initial_TS_non_AVP,0,UniProt,sp|P86484|,Initial_TR_AVP,1,AVP-HNCL_non-AMP,pos1857,,,,
GLFGVLAKVAAHVVPAIAEHF,21,Label_Mismatch,3,Initial_TS_AVP,1,DRAVP,DRAVPe00352,Initial_TS_non_AVP,0,UniProt,sp|P82066|,Initial_TR_AVP,1,AVP-HNCL_non-AMP,pos1861,,,,
FVQWFSKFLGRIL,13,Label_Mismatch,2,Initial_TS_AVP,1,DRAVP,DRAVPe00376,Initial_TS_non_AVP,0,UniProt,sp|P57104|,,,,,,,,
GMASKAGAIAGKIAKVALKAL,21,Label_Mismatch,4,Initial_TS_AVP,1,DRAVP,DRAVPe00370,Initial_TS_non_AVP,0,UniProt,sp|C0HKP0|,Initial_TR_AVP,1,Stack-AVP-TR_pos,Positive_1212,Initial_TR_non_AVP,0,AVP-HNCL_non-AVP,neg384
GIGKFLHSAKKFGKAFVGEIMNS,23,Label_Mismatch,3,Initial_TS_AVP,1,DRAVP,DRAVPe00839,Initial_TS_non_AVP,0,UniProt,sp|C0HKN6|,Initial_TR_AVP,1,Stack-AVP-TR_pos,Positive_1769,,,,
GGLKKLGKKLEGAGKRVFNAAEKALPVVAGAKAL,34,Label_Mismatch,2,Initial_TS_AVP,1,DRAVP,DRAVPe00836,Initial_TR_non_AVP,0,AVP-HNCL_non-AVP,neg3,,,,,,,,
LLPIVGNLLKSLL,13,Label_Mismatch,3,Initial_TS_AVP,1,DRAVP,DRAVPe01525,Initial_TR_AVP,1,Stack-AVP-TR_pos,Positive_222,Initial_TR_non_AVP,0,AVP-HNCL_non-AVP,neg1161,,,,
GFFALIPKIISSPLFKTLLSAVGSALSSSGGQE,33,Label_Mismatch,2,Initial_TS_AVP,1,DRAVP,DRAVPe01965,Initial_TS_non_AVP,0,UniProt,sp|P81861|,,,,,,,,
ALWMTLLKKVLKAAAKALNAVLVGANA,27,Label_Mismatch,3,Initial_TS_AVP,1,AVPdb,AVP1239,Initial_TS_non_AVP,0,UniProt,sp|P80280|,Initial_TR_AVP,1,AVP-HNCL_non-AMP,pos187,,,,
KWCFRVCYRGICYRRCR,17,Label_Mismatch,3,Initial_TS_AVP,1,AVPdb,AVP1243,Initial_TS_non_AVP,0,UniProt,sp|P69135|,Initial_TR_AVP,1,Stack-AVP-TR_pos,Positive_4004,,,,
FLPVLAGIAAKVVPALFCKITKKC,24,Label_Mismatch,3,Initial_TS_AVP,1,AVPdb,AVP1246,Initial_TS_non_AVP,0,UniProt,sp|P32423|,Initial_TR_AVP,1,Stack-AVP-TR_pos,Positive_1780,,,,
GFSSIFRGVAKFASKGLGKDLARLGVNLVACKISKQC,37,Label_Mismatch,3,Initial_TS_AVP,1,AVPdb,AVP1996,Initial_TS_non_AVP,0,UniProt,sp|P82846|,Initial_TR_AVP,1,AVP-HNCL_non-AMP,pos1816,,,,
GLLASLGKVFGGYLAEKLKPK,21,Label_Mismatch,3,Initial_TS_AVP,1,HIPdb,HIP735,Initial_TS_non_AVP,0,UniProt,sp|P84272|,Initial_TR_AVP,1,AVP-HNCL_non-AMP,pos1922,,,,
VFQFLGRIIHHVGNFVHGFSHVF,23,Label_Mismatch,3,Initial_TS_AVP,1,HIPdb,HIP749,Initial_TS_non_AVP,0,UniProt,sp|P80711|,Initial_TR_AVP,1,AVP-HNCL_non-AMP,pos1948,,,,
YQCGQGG,7,Label_Mismatch,2,Initial_TS_AVP,1,HIPdb,HIP954,Initial_TS_non_AVP,0,UniProt,sp|P84071|,,,,,,,,
KTCENLADDY,10,Label_Mismatch,3,Initial_TS_AVP,1,CAMP,CAMPSQ519,Initial_TS_non_AVP,0,UniProt,sp|P84200|,Initial_TR_AVP,1,Stack-AVP-TR_pos,Positive_3692,,,,
KQTENLADTY,10,Label_Mismatch,3,Initial_TS_AVP,1,CAMP,CAMPSQ652,Initial_TS_non_AVP,0,UniProt,sp|P84785|,Initial_TR_AVP,1,Stack-AVP-TR_pos,Positive_774,,,,
ANDPQCLYGNVAAKF,15,Label_Mismatch,3,Initial_TS_AVP,1,CAMP,CAMPSQ653,Initial_TS_non_AVP,0,UniProt,sp|P84797|,Initial_TR_AVP,1,Stack-AVP-TR_pos,Positive_1334,,,,
AKITFTNNHPRTIWP,15,Label_Mismatch,3,Initial_TS_AVP,1,CAMP,CAMPSQ1120,Initial_TS_non_AVP,0,UniProt,sp|P83957|,Initial_TR_AVP,1,Stack-AVP-TR_pos,Positive_13,,,,
KIMAKPSKFYEQLRGR,16,Label_Mismatch,3,Initial_TS_AVP,1,CAMP,CAMPSQ301,Initial_TS_non_AVP,0,UniProt,sp|P83187|,Initial_TR_AVP,1,Stack-AVP-TR_pos,Positive_2077,,,,
ITCPQVTQSLAPCVPYLISG,20,Label_Mismatch,2,Initial_TS_AVP,1,CAMP,CAMPSQ11080,Initial_TS_non_AVP,0,UniProt,sp|B3EWH4|,,,,,,,,
FLPLILPSIVTALSSFLKQG,20,Label_Mismatch,3,Initial_TS_AVP,1,CAMP,CAMPSQ22334,Initial_TR_AVP,1,Stack-AVP-TR_pos,Positive_3821,Initial_TR_non_AVP,0,AVP-HNCL_non-AVP,neg566,,,,
GADFQECMKEHSQKQHQHQG,20,Label_Mismatch,3,Initial_TS_AVP,1,CAMP,CAMPSQ300,Initial_TS_non_AVP,0,UniProt,sp|P83186|,Initial_TR_AVP,1,Stack-AVP-TR_pos,Positive_4033,,,,
CLGVGSCNDFAGCGYAIVCFW,21,Label_Mismatch,3,Initial_TS_AVP,1,CAMP,CAMPSQ3069,Initial_TS_non_AVP,0,UniProt,sp|P85078|,Initial_TR_AVP,1,AVP-HNCL_non-AMP,pos1897,,,,
CLGIGSCNDFAGCGYAVVCFW,21,Label_Mismatch,3,Initial_TS_AVP,1,CAMP,CAMPSQ754,Initial_TS_non_AVP,0,UniProt,sp|P37046|,Initial_TR_AVP,1,Stack-AVP-TR_pos,Positive_1386,,,,
ALWKNMLKGIGKLAGKAALGAVKKLVGAES,30,Label_Mismatch,3,Initial_TS_AVP,1,CAMP,CAMPSQ466,Initial_TS_non_AVP,0,UniProt,sp|P80279|,Initial_TR_AVP,1,Stack-AVP-TR_pos,Positive_4228,,,,
GLPVCGETCFTGTCYTNGCTCDPWPVCTRN,30,Label_Mismatch,2,Initial_TS_AVP,1,CAMP,CAMPSQ3001,Initial_TS_non_AVP,0,UniProt,sp|P85231|,,,,,,,,
GICACRRRFCLNFEQFSGYCRVNGARYVRCCSRR,34,Label_Mismatch,3,Initial_TS_AVP,1,CAMP,CAMPSQ458,Initial_TS_non_AVP,0,UniProt,sp|P80223|,Initial_TR_AVP,1,Stack-AVP-TR_pos,Positive_2825,,,,
AAPCFCSGKPGRGDLWILRGTCPGGYGYTSNCYKWPNICCYPH,43,Label_Mismatch,3,Initial_TS_AVP,1,CAMP,CAMPSQ1178,Initial_TS_non_AVP,0,UniProt,sp|P11494|,Initial_TR_AVP,1,Stack-AVP-TR_pos,Positive_184,,,,
ANTAFVSSAHNTQKIPAGAPFNRNLRAMLADLRQNAAFAG,40,Label_Mismatch,3,Initial_TS_AVP,1,CAMP,CAMPSQ292,Initial_TS_non_AVP,0,UniProt,sp|P83171|,Initial_TR_AVP,1,Stack-AVP-TR_pos,Positive_3120,,,,
SNDIYFNFQR,10,Label_Mismatch,3,Initial_TS_AVP,1,DBAASP,1568,Initial_TS_non_AVP,0,UniProt,sp|P84869|,Initial_TR_AVP,1,Stack-AVP-TR_pos,Positive_1160,,,,
SVAGRAQGM,9,Label_Mismatch,4,Initial_TS_AVP,1,DBAASP,3225,Initial_TS_non_AVP,0,UniProt,sp|P86705|,Initial_TR_AVP,1,Stack-AVP-TR_pos,Positive_1094,Initial_TR_non_AVP,0,AVP-HNCL_non-AVP,neg1381
ACSAG,5,Label_Mismatch,3,Initial_TS_AVP,1,DBAASP,4320,Initial_TS_non_AVP,0,UniProt,sp|P84182|,Initial_TR_AVP,1,Stack-AVP-TR_pos,Positive_1249,,,,
GLWQKIKSAAGDLASGIVEGIKS,23,Label_Mismatch,3,Initial_TS_AVP,1,DRAMP,DRAMP01574,Initial_TS_non_AVP,0,UniProt,sp|P56242|,Initial_TR_AVP,1,Stack-AVP-TR_pos,Positive_3578,,,,
FISAIASMLGKFL,13,Label_Mismatch,3,Initial_TS_AVP,1,DRAMP,DRAMP02233,Initial_TS_non_AVP,0,UniProt,sp|P82821|,Initial_TR_AVP,1,Stack-AVP-TR_pos,Positive_4211,,,,
AICKKPSKFFKGACGRDADCEKACDQENWPGGVCVPFLRCECQRSC,46,Label_Mismatch,3,Initial_TS_AVP,1,DRAMP,DRAMP00427,Initial_TS_non_AVP,0,UniProt,sp|P81493|,Initial_TR_AVP,1,Stack-AVP-TR_pos,Positive_101,,,,
ATCRKPSMYFSGACFSDTNCQKACNREDWPNGKCLVGFKCECQRPC,46,Label_Mismatch,3,Initial_TS_AVP,1,DRAMP,DRAMP00428,Initial_TS_non_AVP,0,UniProt,sp|P82010|,Initial_TR_AVP,1,Stack-AVP-TR_pos,Positive_922,,,,
GLFKVLGSVAKHLLPHVVPVIAEKL,25,Label_Mismatch,3,Initial_TS_AVP,1,DRAMP,DRAMP01559,Initial_TS_non_AVP,0,UniProt,sp|P81251|,Initial_TR_AVP,1,Stack-AVP-TR_pos,Positive_2062,,,,
AVWKDFLKNIGKAAGKAVLNSVTDMVNE,28,Label_Mismatch,3,Initial_TS_AVP,1,DRAMP,DRAMP01630,Initial_TS_non_AVP,0,UniProt,sp|P86941|,Initial_TR_AVP,1,Stack-AVP-TR_pos,Positive_1354,,,,
GLPVCGETCFGGTCNTPGCICDPWPVCTRN,30,Label_Mismatch,2,Initial_TS_AVP,1,DRAMP,DRAMP00831,Initial_TS_non_AVP,0,UniProt,sp|P85232|,,,,,,,,
GIPCAESCVWIPCTVTALLGCSCSNNVCYN,30,Label_Mismatch,2,Initial_TS_AVP,1,DRAMP,DRAMP00832,Initial_TS_non_AVP,0,UniProt,sp|P85234|,,,,,,,,
QKKCPGRCTLKCGKHERPTLPYNCGKYICCVPVKVK,36,Label_Mismatch,2,Initial_TS_AVP,1,DRAMP,DRAMP02742,Initial_TS_non_AVP,0,UniProt,sp|P0CAP0|,,,,,,,,
VKSTGRADDDLAVKTKYLPP,20,Label_Mismatch,3,Initial_TS_AVP,1,DRAMP,DRAMP01005,Initial_TS_non_AVP,0,UniProt,sp|P83986|,Initial_TR_AVP,1,Stack-AVP-TR_pos,Positive_575,,,,
ILGAILPLVSGLLSNKL,17,Label_Mismatch,2,Initial_TS_AVP,1,DRAMP,DRAMP01084,Initial_TS_non_AVP,0,UniProt,sp|P0DQW6|,,,,,,,,
ILGAILPLVSGLLSSKL,17,Label_Mismatch,2,Initial_TS_AVP,1,DRAMP,DRAMP01086,Initial_TS_non_AVP,0,UniProt,sp|P0DQW7|,,,,,,,,
GLKDIFKAGLGSLVKNIAAHVAN,23,Label_Mismatch,2,Initial_TS_AVP,1,DRAMP,DRAMP01087,Initial_TS_non_AVP,0,UniProt,sp|P0DQW4|,,,,,,,,
GWFDVVKHIASAV,13,Label_Mismatch,3,Initial_TS_AVP,1,DRAMP,DRAMP01161,Initial_TS_non_AVP,0,UniProt,sp|P82050|,Initial_TR_AVP,1,Stack-AVP-TR_pos,Positive_4493,,,,
DADIAVWAPPVNAQN,15,Label_Mismatch,3,Initial_TS_AVP,1,DRAMP,DRAMP00299,Initial_TS_non_AVP,0,UniProt,sp|P84784|,Initial_TR_AVP,1,Stack-AVP-TR_pos,Positive_2807,,,,
ASFPWSCPSLSGVCRKVCLPTELFFGPLGCGKGFLCGVSHFL,42,Label_Mismatch,3,Initial_TS_AVP,1,dbAMP_AntiHIV,dbAMP_00558,Initial_TR_AVP,1,Stack-AVP-TR_pos,Positive_267,Initial_TR_non_AVP,0,AVP-HNCL_non-AVP,neg358,,,,
ATCDLLSGTGVKHSACAAHCLLRGNRGGYCNGRAICVCRN,40,Label_Mismatch,2,Initial_TS_AVP,1,dbAMP_AntiHIV,dbAMP_00622,Initial_TR_non_AVP,0,AVP-HNCL_non-AVP,neg1865,,,,,,,,
DLWNSIKDMAAAAGRAALNAVTGMVNQ,27,Label_Mismatch,3,Initial_TS_AVP,1,dbAMP_AntiHIV,dbAMP_01142,Initial_TS_non_AVP,0,UniProt,sp|P83914|,Initial_TR_non_AVP,0,AVP-HNCL_non-AVP,neg1660,,,,
FFDEKCNKLKGTCKNNCGKNEELIALCQKSLKCCRTIQPSGSIID,45,Label_Mismatch,2,Initial_TS_AVP,1,dbAMP_AntiHIV,dbAMP_01636,Initial_TR_non_AVP,0,AVP-HNCL_non-AVP,neg1610,,,,,,,,
GLFDIIKKIAESF,13,Label_Mismatch,3,Initial_TS_AVP,1,dbAMP_AntiHIV,dbAMP_03274,Initial_TS_non_AVP,0,UniProt,sp|P82387|,Initial_TR_AVP,1,Stack-AVP-TR_pos,Positive_1344,,,,
GLLSSLSSVAKHVLPHVVPVIAEHL,25,Label_Mismatch,3,Initial_TS_AVP,1,dbAMP_AntiHIV,dbAMP_03651,Initial_TS_non_AVP,0,UniProt,sp|P62544|,Initial_TR_AVP,1,Stack-AVP-TR_pos,Positive_2989,,,,
GLLSVLGSVAQHVLPHVVPVIAEHL,25,Label_Mismatch,2,Initial_TS_AVP,1,dbAMP_AntiHIV,dbAMP_03660,Initial_TS_non_AVP,0,UniProt,sp|P56228|,,,,,,,,
GMWSKIKNAGKAAKAAAKAAGKAALGAVSEAM,32,Label_Mismatch,3,Initial_TS_AVP,1,dbAMP_AntiHIV,dbAMP_03890,Initial_TS_non_AVP,0,UniProt,sp|P0DTD5|,Initial_TR_AVP,1,Stack-AVP-TR_pos,Positive_3373,,,,
GVIDAAKKVVNVLKNLF,17,Label_Mismatch,3,Initial_TS_AVP,1,dbAMP_AntiHIV,dbAMP_04235,Initial_TS_non_AVP,0,UniProt,sp|P82043|,Initial_TR_AVP,1,Stack-AVP-TR_pos,Positive_3451,,,,
INLKALAALAKKIL,14,Label_Mismatch,3,Initial_TS_AVP,1,dbAMP_AntiHIV,dbAMP_04793,Initial_TS_non_AVP,0,UniProt,sp|P01514|,Initial_TR_AVP,1,Stack-AVP-TR_pos,Positive_3419,,,,
RLCRIVVIRVCR,12,Label_Mismatch,2,Initial_TS_AVP,1,dbAMP_AntiHIV,dbAMP_10549,Initial_TR_non_AVP,0,AVP-HNCL_non-AVP,neg1805,,,,,,,,
RRRPRPPYLPRPRPPPFFPPRLPPRIPPGFPPRFPPRFP,39,Label_Mismatch,2,Initial_TS_AVP,1,dbAMP_AntiHIV,dbAMP_10721,Initial_TR_non_AVP,0,AVP-HNCL_non-AVP,neg1943,,,,,,,,
RRWCFRVCYKGFCYRKCR,18,Label_Mismatch,3,Initial_TS_AVP,1,dbAMP_AntiHIV,dbAMP_10744,Initial_TS_non_AVP,0,UniProt,sp|P14216|,Initial_TR_AVP,1,AVP-HNCL_non-AMP,pos1941,,,,
RRWCFRVCYRGFCYRKCR,18,Label_Mismatch,3,Initial_TS_AVP,1,dbAMP_AntiHIV,dbAMP_10745,Initial_TS_non_AVP,0,UniProt,sp|P14215|,Initial_TR_AVP,1,Stack-AVP-TR_pos,Positive_1632,,,,
SAISCGETCFKFKCYTPRCSCSYPVCK,27,Label_Mismatch,3,Initial_TS_AVP,1,dbAMP_AntiHIV,dbAMP_10892,Initial_TR_AVP,1,Stack-AVP-TR_pos,Positive_2756,Initial_TR_non_AVP,0,AVP-HNCL_non-AVP,neg297,,,,
SYSMEHFRWGKPV,13,Label_Mismatch,3,Initial_TS_AVP,1,dbAMP_AntiHIV,dbAMP_11360,Initial_TS_non_AVP,0,UniProt,sp|P61280|,Initial_TR_AVP,1,Stack-AVP-TR_pos,Positive_3029,,,,
ALWKTLLKNVGKAAGKAALNAVTDMVNQ,28,Label_Mismatch,2,Initial_TS_AVP,1,dbAMP_Antiviral,dbAMP_00391,Initial_TS_non_AVP,0,UniProt,sp|P83639|,,,,,,,,
ALWFTMLKKLGTMALHAGKAALGAAANTISQGTQ,34,Label_Mismatch,3,Initial_TS_AVP,1,dbAMP_Antiviral,dbAMP_00369,Initial_TS_non_AVP,0,UniProt,sp|P80278|,Initial_TR_non_AVP,0,AVP-HNCL_non-AVP,neg631,,,,
ATCDLLSAFGVGHAACAAHCIGHGYRGGYCNSKAVCTCRR,40,Label_Mismatch,2,Initial_TS_AVP,1,dbAMP_Antiviral,dbAMP_00610,Initial_TR_non_AVP,0,AVP-HNCL_non-AVP,neg1686,,,,,,,,
FIGALLRPALKLLAGK,16,Label_Mismatch,2,Initial_TS_AVP,1,dbAMP_Antiviral,dbAMP_01768,Initial_TR_non_AVP,0,AVP-HNCL_non-AVP,neg1119,,,,,,,,
FFGSVLKLIPKIL,13,Label_Mismatch,3,Initial_TS_AVP,1,dbAMP_Antiviral,dbAMP_01653,Initial_TS_non_AVP,0,UniProt,sp|P0C8U2|,Initial_TR_AVP,1,Stack-AVP-TR_pos,Positive_3845,,,,
FLGMIPGLIGGLISAFK,17,Label_Mismatch,2,Initial_TS_AVP,1,dbAMP_Antiviral,dbAMP_01934,Initial_TR_non_AVP,0,AVP-HNCL_non-AVP,neg1249,,,,,,,,
FLSLIPTAINAVSALAKHF,19,Label_Mismatch,3,Initial_TS_AVP,1,dbAMP_Antiviral,dbAMP_02225,Initial_TS_non_AVP,0,UniProt,sp|C0HKQ0|,Initial_TR_AVP,1,Stack-AVP-TR_pos,Positive_1343,,,,
FLSLIPSLVGGSISAFK,17,Label_Mismatch,2,Initial_TS_AVP,1,dbAMP_Antiviral,dbAMP_02224,Initial_TR_non_AVP,0,AVP-HNCL_non-AVP,neg1218,,,,,,,,
FLSLIPHAINAVSTLVHHSG,20,Label_Mismatch,2,Initial_TS_AVP,1,dbAMP_Antiviral,dbAMP_02212,Initial_TS_non_AVP,0,UniProt,sp|P84569|,,,,,,,,
FLSLIPHAINAVSAIAKHS,19,Label_Mismatch,2,Initial_TS_AVP,1,dbAMP_Antiviral,dbAMP_02204,Initial_TS_non_AVP,0,UniProt,sp|P84570|,,,,,,,,
FLPLLAGLAANFLPTIICKISYKC,24,Label_Mismatch,2,Initial_TS_AVP,1,dbAMP_Antiviral,dbAMP_02117,Initial_TS_non_AVP,0,UniProt,sp|P80400|,,,,,,,,
FLPLIGKVLSGIL,13,Label_Mismatch,2,Initial_TS_AVP,1,dbAMP_Antiviral,dbAMP_02101,Initial_TS_non_AVP,0,UniProt,sp|P56921|,,,,,,,,
GFGALFKFLAKKVAKTVAKQAAKQGAKYVVNKQME,35,Label_Mismatch,2,Initial_TS_AVP,1,dbAMP_Antiviral,dbAMP_02541,Initial_TS_non_AVP,0,UniProt,sp|P83619|,,,,,,,,
ILGKFCDEIKRIV,13,Label_Mismatch,2,Initial_TS_AVP,1,dbAMP_Antiviral,dbAMP_04698,Initial_TS_non_AVP,0,UniProt,sp|P0DMF0|,,,,,,,,
ACYCRIPACFAGERRYGTCFYLGRVWAFCC,30,Label_Mismatch,4,Initial_TS_AVP,1,Peptipedia,7220,Initial_TS_non_AVP,0,UniProt,sp|P86724|,Initial_TR_AVP,1,Stack-AVP-TR_pos,Positive_3289,Initial_TR_non_AVP,0,AVP-HNCL_non-AVP,neg380
ADRGWIKTLTKDCPNVISSICAGTIITACKNCA,33,Label_Mismatch,3,Initial_TS_AVP,1,Peptipedia,5954,Initial_TR_AVP,1,Stack-AVP-TR_pos,Positive_3011,Initial_TR_non_AVP,0,AVP-HNCL_non-AVP,neg1128,,,,
ALPKKLKYLNLFNDGFNYMGVV,22,Label_Mismatch,3,Initial_TS_AVP,1,Peptipedia,6983,Initial_TS_non_AVP,0,UniProt,sp|P83378|,Initial_TR_non_AVP,0,AVP-HNCL_non-AVP,neg1016,,,,
ALLGDFFRKSKEKIGKEFKRIVQRIKDFLRNLVPRTES,38,Label_Mismatch,3,Initial_TS_AVP,1,Peptipedia,6359,Initial_TR_AVP,1,Stack-AVP-TR_pos,Positive_3718,Initial_TR_non_AVP,0,AVP-HNCL_non-AVP,neg59,,,,
ALKAALLAILKIVRVIKK,18,Label_Mismatch,2,Initial_TS_AVP,1,Peptipedia,5322,Initial_TR_non_AVP,0,AVP-HNCL_non-AVP,neg1949,,,,,,,,
ALWKNMLKGIGKLAGQAALGAVKTLVGAE,29,Label_Mismatch,2,Initial_TS_AVP,1,Peptipedia,7037,Initial_TR_non_AVP,0,AVP-HNCL_non-AVP,neg1830,,,,,,,,
ALWKDVLKKIGTVALHAGKAALGAVADTISQ,31,Label_Mismatch,3,Initial_TS_AVP,1,Peptipedia,6896,Initial_TS_non_AVP,0,UniProt,sp|C0HLD4|,Initial_TR_AVP,1,Stack-AVP-TR_pos,Positive_3153,,,,
AQCGAQGGGATCPGGLCCSQWGWCGSTPKYCGAGCQSNCR,40,Label_Mismatch,3,Initial_TS_AVP,1,Peptipedia,5872,Initial_TS_non_AVP,0,UniProt,sp|P0DKH8|,Initial_TR_AVP,1,Stack-AVP-TR_pos,Positive_1480,,,,
AQCGAQGGGATCPGGLCCSQWGWCGSTPKYCGAGCQSNCK,40,Label_Mismatch,3,Initial_TS_AVP,1,Peptipedia,4674,Initial_TS_non_AVP,0,UniProt,sp|P0DKH7|,Initial_TR_non_AVP,0,AVP-HNCL_non-AVP,neg1964,,,,
APPPGYAMESDSFS,14,Label_Mismatch,3,Initial_TS_AVP,1,Peptipedia,5853,Initial_TR_AVP,1,Stack-AVP-TR_pos,Positive_3197,Initial_TR_non_AVP,0,AVP-HNCL_non-AVP,neg1355,,,,
APPGARPPPGPPPPGPPPPGP,21,Label_Mismatch,3,Initial_TS_AVP,1,Peptipedia,14006,Initial_TR_AVP,1,Stack-AVP-TR_pos,Positive_4117,Initial_TR_non_AVP,0,AVP-HNCL_non-AVP,neg623,,,,
AWKLFDDGV,9,Label_Mismatch,3,Initial_TS_AVP,1,Peptipedia,6883,Initial_TS_non_AVP,0,UniProt,sp|B3EWE7|,Initial_TR_AVP,1,Stack-AVP-TR_pos,Positive_834,,,,
AVLDILKDVGKGLLSHFMEKV,21,Label_Mismatch,3,Initial_TS_AVP,1,Peptipedia,7123,Initial_TR_AVP,1,Stack-AVP-TR_pos,Positive_4108,Initial_TR_non_AVP,0,AVP-HNCL_non-AVP,neg1513,,,,
AVNIPFKVHFRCKAAFC,17,Label_Mismatch,2,Initial_TS_AVP,1,Peptipedia,7043,Initial_TR_non_AVP,0,AVP-HNCL_non-AVP,neg1922,,,,,,,,
CAWYNISCRLGNKGAYCTLTVECMPSCN,28,Label_Mismatch,3,Initial_TS_AVP,1,Peptipedia,5972,Initial_TR_AVP,1,Stack-AVP-TR_pos,Positive_3045,Initial_TR_non_AVP,0,AVP-HNCL_non-AVP,neg611,,,,
CANSCSYGPLTWSCDGNTK,19,Label_Mismatch,3,Initial_TS_AVP,1,Peptipedia,7125,Initial_TS_non_AVP,0,UniProt,sp|P36503|,Initial_TR_AVP,1,Stack-AVP-TR_pos,Positive_1505,,,,
CKQSCSFGPFTFVCDGNTK,19,Label_Mismatch,4,Initial_TS_AVP,1,Peptipedia,7173,Initial_TS_non_AVP,0,UniProt,sp|P36504|,Initial_TR_AVP,1,Stack-AVP-TR_pos,Positive_4240,Initial_TR_non_AVP,0,AVP-HNCL_non-AVP,neg271
CIKNGNGCQPNGSQNGCCSGYCHKQPGWVAGYCRRK,36,Label_Mismatch,2,Initial_TS_AVP,1,Peptipedia,14156,Initial_TR_non_AVP,0,AVP-HNCL_non-AVP,neg762,,,,,,,,
CRQSCSFGPLTFVCDGNTK,19,Label_Mismatch,3,Initial_TS_AVP,1,Peptipedia,4737,Initial_TS_non_AVP,0,UniProt,sp|P36502|,Initial_TR_AVP,1,Stack-AVP-TR_pos,Positive_4055,,,,
CVISAGWNHKIRCKLTGNC,19,Label_Mismatch,3,Initial_TS_AVP,1,Peptipedia,5835,Initial_TR_AVP,1,Stack-AVP-TR_pos,Positive_4085,Initial_TR_non_AVP,0,AVP-HNCL_non-AVP,neg703,,,,
CSTNTFSLSDYWGNKGNWCTATHECMSWCK,30,Label_Mismatch,3,Initial_TS_AVP,1,Peptipedia,5175,Initial_TR_AVP,1,Stack-AVP-TR_pos,Positive_4123,Initial_TR_non_AVP,0,AVP-HNCL_non-AVP,neg833,,,,
DFASCHTNGGICLPNRCPGHMIQIGICFRPRVKCCRSW,38,Label_Mismatch,2,Initial_TS_AVP,1,Peptipedia,5198,Initial_TS_non_AVP,0,UniProt,sp|P46159|,,,,,,,,
DIFCGETCAFIPCITHVPGTCSCKSKVCYFN,31,Label_Mismatch,2,Initial_TS_AVP,1,Peptipedia,14206,Initial_TS_non_AVP,0,UniProt,sp|P85188|,,,,,,,,
DFGCARGMIFVCMRRCARMYPGSTGYCQGFRCMCDTMIPIRRPPFIMG,48,Label_Mismatch,3,Initial_TS_AVP,1,Peptipedia,7236,Initial_TR_AVP,1,Stack-AVP-TR_pos,Positive_3002,Initial_TR_non_AVP,0,AVP-HNCL_non-AVP,neg1525,,,,
DILRG,5,Label_Mismatch,2,Initial_TS_AVP,1,Peptipedia,41830,Initial_TS_non_AVP,0,UniProt,sp|P84863|,,,,,,,,
DKLIGSCVWGAVNYTSNCNAECKRRGYKGGHCGSFANVNCW,41,Label_Mismatch,2,Initial_TS_AVP,1,Peptipedia,14216,Initial_TR_non_AVP,0,AVP-HNCL_non-AVP,neg1847,,,,,,,,
DTLACRQSHGSCSFVACRAPSVDIGTCRGGKLKCCKWAPSS,41,Label_Mismatch,2,Initial_TS_AVP,1,Peptipedia,6052,Initial_TR_non_AVP,0,AVP-HNCL_non-AVP,neg808,,,,,,,,
DSHEKRHHEHRRKFHEKHHSHRGY,24,Label_Mismatch,3,Initial_TS_AVP,1,Peptipedia,14258,Initial_TR_AVP,1,Stack-AVP-TR_pos,Positive_2311,Initial_TR_non_AVP,0,AVP-HNCL_non-AVP,neg42,,,,
DTLIGSCVWGATNYTSDCNAECKRRGYKGGHCGSFLNVNCWCE,43,Label_Mismatch,3,Initial_TS_AVP,1,Peptipedia,14273,Initial_TR_AVP,1,Stack-AVP-TR_pos,Positive_1613,Initial_TR_non_AVP,0,AVP-HNCL_non-AVP,neg1524,,,,
DYHHGVRVL,9,Label_Mismatch,3,Initial_TS_AVP,1,Peptipedia,5860,Initial_TS_non_AVP,0,UniProt,sp|P83375|,Initial_TR_AVP,1,Stack-AVP-TR_pos,Positive_1007,,,,
DYDWSLRGPPKCATYGQKCRTWSPRNCCWNLRCKAFRCRPR,41,Label_Mismatch,3,Initial_TS_AVP,1,Peptipedia,6673,Initial_TR_AVP,1,Stack-AVP-TR_pos,Positive_1560,Initial_TR_non_AVP,0,AVP-HNCL_non-AVP,neg1675,,,,
EFTNVSCTTSKECWSVCQRLHNTSRGKCMNKKCRCYS,37,Label_Mismatch,2,Initial_TS_AVP,1,Peptipedia,4694,Initial_TR_non_AVP,0,AVP-HNCL_non-AVP,neg68,,,,,,,,
EGPVGLADPDGPASAPLGAP,20,Label_Mismatch,3,Initial_TS_AVP,1,Peptipedia,14300,Initial_TS_non_AVP,0,UniProt,sp|B3A0L3|,Initial_TR_AVP,1,Stack-AVP-TR_pos,Positive_2576,,,,
ELCEKASQTWSGTCGKTKHCDDQCKSWEGAAHGACHVRDGKHMCFCYFNC,50,Label_Mismatch,3,Initial_TS_AVP,1,Peptipedia,14315,Initial_TR_AVP,1,Stack-AVP-TR_pos,Positive_3178,Initial_TR_non_AVP,0,AVP-HNCL_non-AVP,neg1314,,,,
EPFKLSLHL,9,Label_Mismatch,3,Initial_TS_AVP,1,Peptipedia,6300,Initial_TR_AVP,1,Stack-AVP-TR_pos,Positive_868,Initial_TR_non_AVP,0,AVP-HNCL_non-AVP,neg534,,,,
FASLLGKALKALAKQ,15,Label_Mismatch,3,Initial_TS_AVP,1,Peptipedia,4914,Initial_TR_AVP,1,Stack-AVP-TR_pos,Positive_3760,Initial_TR_non_AVP,0,AVP-HNCL_non-AVP,neg737,,,,
FALGAVTKRLPSLFCLITRKC,21,Label_Mismatch,3,Initial_TS_AVP,1,Peptipedia,7158,Initial_TR_AVP,1,Stack-AVP-TR_pos,Positive_302,Initial_TR_non_AVP,0,AVP-HNCL_non-AVP,neg47,,,,
FFPIVGKLLFGLL,13,Label_Mismatch,2,Initial_TS_AVP,1,Peptipedia,6632,Initial_TR_non_AVP,0,AVP-HNCL_non-AVP,neg1193,,,,,,,,
FFPIVGKLLFGLFGLL,16,Label_Mismatch,2,Initial_TS_AVP,1,Peptipedia,5216,Initial_TR_non_AVP,0,AVP-HNCL_non-AVP,neg1048,,,,,,,,
FFPIIAGMAAKVICAITKKC,20,Label_Mismatch,2,Initial_TS_AVP,1,Peptipedia,5544,Initial_TS_non_AVP,0,UniProt,sp|P0DQK2|,,,,,,,,
FFPIIAGMAAKLIPSLFCKITKKC,24,Label_Mismatch,4,Initial_TS_AVP,1,Peptipedia,6602,Initial_TS_non_AVP,0,UniProt,sp|P0DQJ9|,Initial_TR_AVP,1,Stack-AVP-TR_pos,Positive_1127,Initial_TR_non_AVP,0,AVP-HNCL_non-AVP,neg1771
FFGWLIRGAIHAGKAIHGLIHRRRH,25,Label_Mismatch,2,Initial_TS_AVP,1,Peptipedia,6119,Initial_TS_non_AVP,0,UniProt,sp|P83546|,,,,,,,,
FFGWLIKGAIHAGKAIHGLIHRRRH,25,Label_Mismatch,2,Initial_TS_AVP,1,Peptipedia,4153,Initial_TS_non_AVP,0,UniProt,sp|P83545|,,,,,,,,
FFGTALKIAANVLPTAICKILKKC,24,Label_Mismatch,3,Initial_TS_AVP,1,Peptipedia,6323,Initial_TR_AVP,1,Stack-AVP-TR_pos,Positive_402,Initial_TR_non_AVP,0,AVP-HNCL_non-AVP,neg280,,,,
FFGSVLKVAAKVLPAALCQIFKKC,24,Label_Mismatch,3,Initial_TS_AVP,1,Peptipedia,5802,Initial_TR_AVP,1,Stack-AVP-TR_pos,Positive_421,Initial_TR_non_AVP,0,AVP-HNCL_non-AVP,neg1468,,,,
FFHLHFHY,8,Label_Mismatch,3,Initial_TS_AVP,1,Peptipedia,6584,Initial_TR_AVP,1,Stack-AVP-TR_pos,Positive_3824,Initial_TR_non_AVP,0,AVP-HNCL_non-AVP,neg697,,,,
FFSLLPSLIGGLVSAIK,17,Label_Mismatch,3,Initial_TS_AVP,1,Peptipedia,6189,Initial_TR_AVP,1,Stack-AVP-TR_pos,Positive_1232,Initial_TR_non_AVP,0,AVP-HNCL_non-AVP,neg1672,,,,
FFPNVASVPGQVLLKKIFCAISKKC,25,Label_Mismatch,3,Initial_TS_AVP,1,Peptipedia,14375,Initial_TR_AVP,1,Stack-AVP-TR_pos,Positive_2975,Initial_TR_non_AVP,0,AVP-HNCL_non-AVP,neg1349,,,,
FFPMLAGVAARVVPKVICLITKKC,24,Label_Mismatch,3,Initial_TS_AVP,1,Peptipedia,5559,Initial_TR_AVP,1,Stack-AVP-TR_pos,Positive_136,Initial_TR_non_AVP,0,AVP-HNCL_non-AVP,neg111,,,,
FFPLVLGALGSILPKIF,17,Label_Mismatch,3,Initial_TS_AVP,1,Peptipedia,6750,Initial_TR_AVP,1,Stack-AVP-TR_pos,Positive_3454,Initial_TR_non_AVP,0,AVP-HNCL_non-AVP,neg1244,,,,
FIITGLVRGLTKLF,14,Label_Mismatch,3,Initial_TS_AVP,1,Peptipedia,5024,Initial_TR_AVP,1,Stack-AVP-TR_pos,Positive_2573,Initial_TR_non_AVP,0,AVP-HNCL_non-AVP,neg1536,,,,
FIGAIARLLSKIFGKR,16,Label_Mismatch,2,Initial_TS_AVP,1,Peptipedia,7055,Initial_TR_non_AVP,0,AVP-HNCL_non-AVP,neg679,,,,,,,,
FKTWKRPPFQTSCWGIIKE,19,Label_Mismatch,3,Initial_TS_AVP,1,Peptipedia,6830,Initial_TR_AVP,1,Stack-AVP-TR_pos,Positive_2226,Initial_TR_non_AVP,0,AVP-HNCL_non-AVP,neg1992,,,,
FLGSLIGAAIPAIKQLLGLKK,21,Label_Mismatch,3,Initial_TS_AVP,1,Peptipedia,6028,Initial_TR_AVP,1,Stack-AVP-TR_pos,Positive_2757,Initial_TR_non_AVP,0,AVP-HNCL_non-AVP,neg180,,,,
FLGPIIKIATGILPTAICKFLKKC,24,Label_Mismatch,3,Initial_TS_AVP,1,Peptipedia,5716,Initial_TR_AVP,1,Stack-AVP-TR_pos,Positive_3315,Initial_TR_non_AVP,0,AVP-HNCL_non-AVP,neg1612,,,,
FLGGLMKIIPAAFCAVTKKC,20,Label_Mismatch,3,Initial_TS_AVP,1,Peptipedia,7005,Initial_TR_AVP,1,Stack-AVP-TR_pos,Positive_2329,Initial_TR_non_AVP,0,AVP-HNCL_non-AVP,neg1000,,,,
FLGGILNTITGLL,13,Label_Mismatch,3,Initial_TS_AVP,1,Peptipedia,5199,Initial_TR_AVP,1,Stack-AVP-TR_pos,Positive_2891,Initial_TR_non_AVP,0,AVP-HNCL_non-AVP,neg1030,,,,
FLPIIAGIAAKFLPKIFCTISKKC,24,Label_Mismatch,3,Initial_TS_AVP,1,Peptipedia,4589,Initial_TR_AVP,1,Stack-AVP-TR_pos,Positive_2799,Initial_TR_non_AVP,0,AVP-HNCL_non-AVP,neg99,,,,
FLPIIAGAAAKVVQKIFCAISKKC,24,Label_Mismatch,3,Initial_TS_AVP,1,Peptipedia,6046,Initial_TR_AVP,1,Stack-AVP-TR_pos,Positive_4581,Initial_TR_non_AVP,0,AVP-HNCL_non-AVP,neg865,,,,
FLPAVLLVATHVLPTVFCAITRKC,24,Label_Mismatch,3,Initial_TS_AVP,1,Peptipedia,5779,Initial_TR_AVP,1,Stack-AVP-TR_pos,Positive_647,Initial_TR_non_AVP,0,AVP-HNCL_non-AVP,neg916,,,,
FLGVVFKLASKVFPAVFGKV,20,Label_Mismatch,3,Initial_TS_AVP,1,Peptipedia,4939,Initial_TR_AVP,1,Stack-AVP-TR_pos,Positive_2156,Initial_TR_non_AVP,0,AVP-HNCL_non-AVP,neg1776,,,,
FLPAIAGILSQLF,13,Label_Mismatch,4,Initial_TS_AVP,1,Peptipedia,6891,Initial_TS_non_AVP,0,UniProt,sp|P32415|,Initial_TR_AVP,1,Stack-AVP-TR_pos,Positive_47,Initial_TR_non_AVP,0,AVP-HNCL_non-AVP,neg1458
FLPKMSTKLRVPYRRGTKDYH,21,Label_Mismatch,4,Initial_TS_AVP,1,Peptipedia,5952,Initial_TS_non_AVP,0,UniProt,sp|P0CH48|,Initial_TR_AVP,1,Stack-AVP-TR_pos,Positive_4261,Initial_TR_non_AVP,0,AVP-HNCL_non-AVP,neg604
FLPIVGRLISGLL,13,Label_Mismatch,3,Initial_TS_AVP,1,Peptipedia,5474,Initial_TR_AVP,1,Stack-AVP-TR_pos,Positive_221,Initial_TR_non_AVP,0,AVP-HNCL_non-AVP,neg396,,,,
FLPIVGRLISGIL,13,Label_Mismatch,2,Initial_TS_AVP,1,Peptipedia,6826,Initial_TR_non_AVP,0,AVP-HNCL_non-AVP,neg1073,,,,,,,,
FLPIVGKLLSGLSGLS,16,Label_Mismatch,2,Initial_TS_AVP,1,Peptipedia,7233,Initial_TR_non_AVP,0,AVP-HNCL_non-AVP,neg503,,,,,,,,
FLPILGNLLSGLL,13,Label_Mismatch,3,Initial_TS_AVP,1,Peptipedia,4821,Initial_TR_AVP,1,Stack-AVP-TR_pos,Positive_622,Initial_TR_non_AVP,0,AVP-HNCL_non-AVP,neg1715,,,,
FLPIIASVAAKLIPSIVCRITKKC,24,Label_Mismatch,3,Initial_TS_AVP,1,Peptipedia,4891,Initial_TS_non_AVP,0,UniProt,sp|P0DQK1|,Initial_TR_AVP,1,Stack-AVP-TR_pos,Positive_3004,,,,
FLPIIAGVAAKVLPKIFCAISKKC,24,Label_Mismatch,2,Initial_TS_AVP,1,Peptipedia,6656,Initial_TR_non_AVP,0,AVP-HNCL_non-AVP,neg1213,,,,,,,,
FLPIIAGMAAKVICAITKKC,20,Label_Mismatch,3,Initial_TS_AVP,1,Peptipedia,5991,Initial_TS_non_AVP,0,UniProt,sp|P0DQK0|,Initial_TR_AVP,1,Stack-AVP-TR_pos,Positive_1166,,,,
FLPVIAGLLSKLF,13,Label_Mismatch,3,Initial_TS_AVP,1,Peptipedia,5832,Initial_TR_AVP,1,Stack-AVP-TR_pos,Positive_663,Initial_TR_non_AVP,0,AVP-HNCL_non-AVP,neg28,,,,
FLPLVRVAAKLIPSVVCAISKRC,23,Label_Mismatch,2,Initial_TS_AVP,1,Peptipedia,14426,Initial_TR_non_AVP,0,AVP-HNCL_non-AVP,neg1788,,,,,,,,
FLPLVLGALSGILPKIL,17,Label_Mismatch,3,Initial_TS_AVP,1,Peptipedia,5126,Initial_TR_AVP,1,Stack-AVP-TR_pos,Positive_4131,Initial_TR_non_AVP,0,AVP-HNCL_non-AVP,neg1391,,,,
FLPLLAGVVANFLPQIICKIARKC,24,Label_Mismatch,3,Initial_TS_AVP,1,Peptipedia,6241,Initial_TR_AVP,1,Stack-AVP-TR_pos,Positive_322,Initial_TR_non_AVP,0,AVP-HNCL_non-AVP,neg646,,,,
FLPLLGNLLRGLL,13,Label_Mismatch,3,Initial_TS_AVP,1,Peptipedia,5424,Initial_TR_AVP,1,Stack-AVP-TR_pos,Positive_769,Initial_TR_non_AVP,0,AVP-HNCL_non-AVP,neg1279,,,,
FLPLIAGLIGKLF,13,Label_Mismatch,2,Initial_TS_AVP,1,Peptipedia,6228,Initial_TR_non_AVP,0,AVP-HNCL_non-AVP,neg518,,,,,,,,
FLSLIPHAINAVSAIAKHF,19,Label_Mismatch,3,Initial_TS_AVP,1,Peptipedia,6487,Initial_TS_non_AVP,0,UniProt,sp|C0HKP9|,Initial_TR_AVP,1,Stack-AVP-TR_pos,Positive_4526,,,,
FLSFPTTKTYFPHFDLSHGSAQVKGHGAK,29,Label_Mismatch,3,Initial_TS_AVP,1,Peptipedia,6541,Initial_TR_AVP,1,Stack-AVP-TR_pos,Positive_913,Initial_TR_non_AVP,0,AVP-HNCL_non-AVP,neg2025,,,,
FLSAITSLLGKLL,13,Label_Mismatch,3,Initial_TS_AVP,1,Peptipedia,5784,Initial_TS_non_AVP,0,UniProt,sp|P0DQK6|,Initial_TR_AVP,1,Stack-AVP-TR_pos,Positive_2349,,,,
FLSAITSILGKFF,13,Label_Mismatch,3,Initial_TS_AVP,1,Peptipedia,6726,Initial_TS_non_AVP,0,UniProt,sp|P0DQK5|,Initial_TR_AVP,1,Stack-AVP-TR_pos,Positive_1625,,,,
FLSLLPSIVSGAVSLAKKL,19,Label_Mismatch,3,Initial_TS_AVP,1,Peptipedia,6698,Initial_TR_AVP,1,Stack-AVP-TR_pos,Positive_4105,Initial_TR_non_AVP,0,AVP-HNCL_non-AVP,neg1385,,,,
FLPVLTGLTPSIVPKLVCLLTKKC,24,Label_Mismatch,3,Initial_TS_AVP,1,Peptipedia,6899,Initial_TR_AVP,1,Stack-AVP-TR_pos,Positive_493,Initial_TR_non_AVP,0,AVP-HNCL_non-AVP,neg1845,,,,
FLPVLARLAVKFLPSIVCAATKKC,24,Label_Mismatch,3,Initial_TS_AVP,1,Peptipedia,14430,Initial_TR_AVP,1,Stack-AVP-TR_pos,Positive_41,Initial_TR_non_AVP,0,AVP-HNCL_non-AVP,neg1140,,,,
FLSLIPHIVSGVASIAKHF,19,Label_Mismatch,2,Initial_TS_AVP,1,Peptipedia,4170,Initial_TR_non_AVP,0,AVP-HNCL_non-AVP,neg580,,,,,,,,
FNRGGYNFGKSVRHVVDAIGSVAGILKSIR,30,Label_Mismatch,3,Initial_TS_AVP,1,Peptipedia,5939,Initial_TR_AVP,1,Stack-AVP-TR_pos,Positive_984,Initial_TR_non_AVP,0,AVP-HNCL_non-AVP,neg1591,,,,
FMGSALRIAAKVLPAALCQIFKKC,24,Label_Mismatch,3,Initial_TS_AVP,1,Peptipedia,6977,Initial_TR_AVP,1,Stack-AVP-TR_pos,Positive_2240,Initial_TR_non_AVP,0,AVP-HNCL_non-AVP,neg410,,,,
FPPPGESAVDMSFFYALSNP,20,Label_Mismatch,3,Initial_TS_AVP,1,Peptipedia,5201,Initial_TR_AVP,1,Stack-AVP-TR_pos,Positive_2065,Initial_TR_non_AVP,0,AVP-HNCL_non-AVP,neg1234,,,,
FVPYNPPRPYQSKPFPSFPGHGPFNPKIQWPYPLPNPGH,39,Label_Mismatch,3,Initial_TS_AVP,1,Peptipedia,6628,Initial_TR_AVP,1,Stack-AVP-TR_pos,Positive_2546,Initial_TR_non_AVP,0,AVP-HNCL_non-AVP,neg1497,,,,
FVDLKKIANIINSIF,15,Label_Mismatch,3,Initial_TS_AVP,1,Peptipedia,6463,Initial_TR_AVP,1,Stack-AVP-TR_pos,Positive_2052,Initial_TR_non_AVP,0,AVP-HNCL_non-AVP,neg1020,,,,
FVGLAKVAAHVVPAIAEHF,19,Label_Mismatch,2,Initial_TS_AVP,1,Peptipedia,6263,Initial_TR_non_AVP,0,AVP-HNCL_non-AVP,neg1476,,,,,,,,
FTLKKSQLLLFFLGTINFSLCEEERNAEEERRDYPEEKDVEVEKR,45,Label_Mismatch,3,Initial_TS_AVP,1,Peptipedia,6531,Initial_TR_AVP,1,Stack-AVP-TR_pos,Positive_1767,Initial_TR_non_AVP,0,AVP-HNCL_non-AVP,neg1769,,,,
FTSKKSMLLFFFLGTISLSLCQ,22,Label_Mismatch,3,Initial_TS_AVP,1,Peptipedia,5091,Initial_TR_AVP,1,Stack-AVP-TR_pos,Positive_1346,Initial_TR_non_AVP,0,AVP-HNCL_non-AVP,neg1037,,,,
GAARKSIRLHRLYTWKATIYTR,22,Label_Mismatch,2,Initial_TS_AVP,1,Peptipedia,6428,Initial_TR_non_AVP,0,AVP-HNCL_non-AVP,neg984,,,,,,,,
FWGHIWNAVKRVGANALHGAVTGALS,26,Label_Mismatch,3,Initial_TS_AVP,1,Peptipedia,7003,Initial_TS_non_AVP,0,UniProt,sp|P86415|,Initial_TR_AVP,1,Stack-AVP-TR_pos,Positive_3664,,,,
GAFGNFLKGVAKKAGLKILSIAQCKLFGTC,30,Label_Mismatch,2,Initial_TS_AVP,1,Peptipedia,5548,Initial_TR_non_AVP,0,AVP-HNCL_non-AVP,neg305,,,,,,,,
GFFALIPKIISSPLFKTLLSAVGSALSSSGEQE,33,Label_Mismatch,2,Initial_TS_AVP,1,Peptipedia,6539,Initial_TS_non_AVP,0,UniProt,sp|P81865|,,,,,,,,
GFFALIPKIISSPIFKTLLSAVGSALSSSGGQE,33,Label_Mismatch,3,Initial_TS_AVP,1,Peptipedia,6391,Initial_TS_non_AVP,0,UniProt,sp|P23067|,Initial_TR_non_AVP,0,AVP-HNCL_non-AVP,neg979,,,,
GFFAFIPKIISSPLFKTLLSAVGSALSSSGEQE,33,Label_Mismatch,2,Initial_TS_AVP,1,Peptipedia,5697,Initial_TS_non_AVP,0,UniProt,sp|P81866|,,,,,,,,
GFFAFIPKIISSPLFKTLLSAVGSALSSSGDQE,33,Label_Mismatch,2,Initial_TS_AVP,1,Peptipedia,7046,Initial_TR_non_AVP,0,AVP-HNCL_non-AVP,neg815,,,,,,,,
GFMDTAKQVAKNVAVTLIDKLRCKVTGGC,29,Label_Mismatch,2,Initial_TS_AVP,1,Peptipedia,6017,Initial_TR_non_AVP,0,AVP-HNCL_non-AVP,neg1102,,,,,,,,
GFMDTAKNVAKNVAVTLLDKLKCKITGGC,29,Label_Mismatch,2,Initial_TS_AVP,1,Peptipedia,5890,Initial_TR_non_AVP,0,AVP-HNCL_non-AVP,neg544,,,,,,,,
GFMDTAKNVAKNMAVTLLDNLKCKITKAC,29,Label_Mismatch,2,Initial_TS_AVP,1,Peptipedia,6089,Initial_TR_non_AVP,0,AVP-HNCL_non-AVP,neg349,,,,,,,,
GFMATAKNVAKNMDVTLLDNLKCKITKAC,29,Label_Mismatch,3,Initial_TS_AVP,1,Peptipedia,7235,Initial_TR_AVP,1,Stack-AVP-TR_pos,Positive_3300,Initial_TR_non_AVP,0,AVP-HNCL_non-AVP,neg667,,,,
GFGCPWNRYQCHSHCRSIGRLGGYCAGSLRLTCTCYRS,38,Label_Mismatch,4,Initial_TS_AVP,1,Peptipedia,5875,Initial_TS_non_AVP,0,UniProt,sp|P85008|,Initial_TR_AVP,1,Stack-AVP-TR_pos,Positive_4506,Initial_TR_non_AVP,0,AVP-HNCL_non-AVP,neg1396
GFGCPNNYQCHRHCKSIPGRCGGYCGGWHRLPCTCYRCG,39,Label_Mismatch,3,Initial_TS_AVP,1,Peptipedia,6314,Initial_TR_AVP,1,Stack-AVP-TR_pos,Positive_1622,Initial_TR_non_AVP,0,AVP-HNCL_non-AVP,neg1460,,,,
GFGCPNNYACHQHCKSIRGYCGGYCAGWFRLRCTCYRCG,39,Label_Mismatch,3,Initial_TS_AVP,1,Peptipedia,7000,Initial_TR_AVP,1,Stack-AVP-TR_pos,Positive_4018,Initial_TR_non_AVP,0,AVP-HNCL_non-AVP,neg1736,,,,
GFGMALKLLKKVL,13,Label_Mismatch,4,Initial_TS_AVP,1,Peptipedia,5085,Initial_TS_non_AVP,0,UniProt,sp|C0HL98|,Initial_TR_AVP,1,Stack-AVP-TR_pos,Positive_2997,Initial_TR_non_AVP,0,AVP-HNCL_non-AVP,neg2118
GFWKKVGSAAWGGVKAAAKGAAVGGLNALAKHIQ,34,Label_Mismatch,2,Initial_TS_AVP,1,Peptipedia,6264,Initial_TS_non_AVP,0,UniProt,sp|P86416|,,,,,,,,
GFTQGVRNSQSCRRNKGICVPIRCPGSMRQIGTCLGAQVKCCRRK,45,Label_Mismatch,3,Initial_TS_AVP,1,Peptipedia,6903,Initial_TR_AVP,1,Stack-AVP-TR_pos,Positive_2908,Initial_TR_non_AVP,0,AVP-HNCL_non-AVP,neg921,,,,
GFRDVLKGAAKQFVKTVAGHIANI,24,Label_Mismatch,3,Initial_TS_AVP,1,Peptipedia,14541,Initial_TS_non_AVP,0,UniProt,sp|P0CJ26|,Initial_TR_AVP,1,Stack-AVP-TR_pos,Positive_3219,,,,
GGLKKLGKKLEGVGKRVFKASEKALPVAVGIKALGK,36,Label_Mismatch,2,Initial_TS_AVP,1,Peptipedia,6677,Initial_TR_non_AVP,0,AVP-HNCL_non-AVP,neg427,,,,,,,,
GFKDWIKGAAKKLIKTVASSIANE,24,Label_Mismatch,4,Initial_TS_AVP,1,Peptipedia,14534,Initial_TS_non_AVP,0,UniProt,sp|P0CJ30|,Initial_TR_AVP,1,Stack-AVP-TR_pos,Positive_2768,Initial_TR_non_AVP,0,AVP-HNCL_non-AVP,neg669
GFKDWIKGAAKKLIKTVAANIANQ,24,Label_Mismatch,3,Initial_TS_AVP,1,Peptipedia,14532,Initial_TS_non_AVP,0,UniProt,sp|P0CJ28|,Initial_TR_non_AVP,0,AVP-HNCL_non-AVP,neg861,,,,
GFGSLLGKALRLGANVL,17,Label_Mismatch,3,Initial_TS_AVP,1,Peptipedia,7120,Initial_TR_AVP,1,Stack-AVP-TR_pos,Positive_3524,Initial_TR_non_AVP,0,AVP-HNCL_non-AVP,neg1059,,,,
GFGSLLGKALKIGTNLL,17,Label_Mismatch,4,Initial_TS_AVP,1,Peptipedia,5942,Initial_TS_non_AVP,0,UniProt,sp|C0HKN4|,Initial_TR_AVP,1,Stack-AVP-TR_pos,Positive_1041,Initial_TR_non_AVP,0,AVP-HNCL_non-AVP,neg1209
GFGSFLGKALKAALKIGANVLGGAPQQ,27,Label_Mismatch,3,Initial_TS_AVP,1,Peptipedia,6188,Initial_TR_AVP,1,Stack-AVP-TR_pos,Positive_3716,Initial_TR_non_AVP,0,AVP-HNCL_non-AVP,neg1557,,,,
GFGSFLGKALKAALKIGADVLGGAPQQ,27,Label_Mismatch,2,Initial_TS_AVP,1,Peptipedia,5974,Initial_TR_non_AVP,0,AVP-HNCL_non-AVP,neg1297,,,,,,,,
GICRCLCRRGVCRCICVL,18,Label_Mismatch,3,Initial_TS_AVP,1,Peptipedia,6659,Initial_TR_AVP,1,Stack-AVP-TR_pos,Positive_4212,Initial_TR_non_AVP,0,AVP-HNCL_non-AVP,neg247,,,,
GICRCICTRGFCRCICVL,18,Label_Mismatch,3,Initial_TS_AVP,1,Peptipedia,6014,Initial_TR_AVP,1,Stack-AVP-TR_pos,Positive_3506,Initial_TR_non_AVP,0,AVP-HNCL_non-AVP,neg883,,,,
GIFSLIKGAAKLITKTVAKEAGKTGLELMACKVTNQC,37,Label_Mismatch,3,Initial_TS_AVP,1,Peptipedia,5353,Initial_TR_AVP,1,Stack-AVP-TR_pos,Positive_957,Initial_TR_non_AVP,0,AVP-HNCL_non-AVP,neg1309,,,,
GIFSKISGKAIKNLFIKGAKNVGKEVGMDVVRTGIDVVGCKIKGEC,46,Label_Mismatch,2,Initial_TS_AVP,1,Peptipedia,4567,Initial_TR_non_AVP,0,AVP-HNCL_non-AVP,neg494,,,,,,,,
GIFSKINKKKAKTGLFNIIKTVGKEAGMDVIRAGIDTISCKIKGEC,46,Label_Mismatch,3,Initial_TS_AVP,1,Peptipedia,7171,Initial_TR_AVP,1,Stack-AVP-TR_pos,Positive_205,Initial_TR_non_AVP,0,AVP-HNCL_non-AVP,neg234,,,,
GIFSKFAGKGIKNLLVKGVKNIGKEVGMDVIRTGIDIAGCKIKGEC,46,Label_Mismatch,3,Initial_TS_AVP,1,Peptipedia,6136,Initial_TR_AVP,1,Stack-AVP-TR_pos,Positive_501,Initial_TR_non_AVP,0,AVP-HNCL_non-AVP,neg1426,,,,
GIGGKILGGLKTALKGAAKELASTYLH,27,Label_Mismatch,2,Initial_TS_AVP,1,Peptipedia,6164,Initial_TR_non_AVP,0,AVP-HNCL_non-AVP,neg162,,,,,,,,
GIGGALLSVGKSALKGLTKGLAEHF,25,Label_Mismatch,2,Initial_TS_AVP,1,Peptipedia,5694,Initial_TR_non_AVP,0,AVP-HNCL_non-AVP,neg213,,,,,,,,
GIGGALLSAGKAALKGLAKVLV,22,Label_Mismatch,2,Initial_TS_AVP,1,Peptipedia,4938,Initial_TR_non_AVP,0,AVP-HNCL_non-AVP,neg739,,,,,,,,
GIGALSAKGALKGLAKGLAEHFAN,24,Label_Mismatch,4,Initial_TS_AVP,1,Peptipedia,6345,Initial_TS_non_AVP,0,UniProt,sp|P01505|,Initial_TR_AVP,1,Stack-AVP-TR_pos,Positive_111,Initial_TR_non_AVP,0,AVP-HNCL_non-AVP,neg250
GIFTLIKGAAKLIGKTVAKEAGKTGLELMACKITNQC,37,Label_Mismatch,3,Initial_TS_AVP,1,Peptipedia,6269,Initial_TS_non_AVP,0,UniProt,sp|B3A0M9|,Initial_TR_non_AVP,0,AVP-HNCL_non-AVP,neg996,,,,
GIFSTVFKAGKGIVCGLTGLC,21,Label_Mismatch,2,Initial_TS_AVP,1,Peptipedia,6501,Initial_TR_non_AVP,0,AVP-HNCL_non-AVP,neg1057,,,,,,,,
GIFSLIKTAAKFVGKNLLKQAGKAGVEHLACKANNQC,37,Label_Mismatch,3,Initial_TS_AVP,1,Peptipedia,6002,Initial_TR_AVP,1,Stack-AVP-TR_pos,Positive_662,Initial_TR_non_AVP,0,AVP-HNCL_non-AVP,neg1666,,,,
GIFALIKTAAKFVGKNLLKQAGKAGLEHLACKANNQC,37,Label_Mismatch,2,Initial_TS_AVP,1,Peptipedia,5261,Initial_TR_non_AVP,0,AVP-HNCL_non-AVP,neg335,,,,,,,,
GIGTKILGGVKAALKGALKELASTYVN,27,Label_Mismatch,3,Initial_TS_AVP,1,Peptipedia,4881,Initial_TR_AVP,1,Stack-AVP-TR_pos,Positive_86,Initial_TR_non_AVP,0,AVP-HNCL_non-AVP,neg1890,,,,
GIGSLLAKAAKLGANLL,17,Label_Mismatch,2,Initial_TS_AVP,1,Peptipedia,6687,Initial_TR_non_AVP,0,AVP-HNCL_non-AVP,neg1973,,,,,,,,
GIGSALAKAAKLVAGIV,17,Label_Mismatch,3,Initial_TS_AVP,1,Peptipedia,4675,Initial_TS_non_AVP,0,UniProt,sp|C0HKL2|,Initial_TR_AVP,1,Stack-AVP-TR_pos,Positive_3203,,,,
GIGGVLLSAGKAALKGLTKVLAEKYAN,27,Label_Mismatch,2,Initial_TS_AVP,1,Peptipedia,5638,Initial_TR_non_AVP,0,AVP-HNCL_non-AVP,neg39,,,,,,,,
GIFLKVLGVGKKVLCGVSGLC,21,Label_Mismatch,2,Initial_TS_AVP,1,Peptipedia,6538,Initial_TR_non_AVP,0,AVP-HNCL_non-AVP,neg1158,,,,,,,,
GIFGKILGVGKKTLCELSGMC,21,Label_Mismatch,3,Initial_TS_AVP,1,Peptipedia,7165,Initial_TR_AVP,1,Stack-AVP-TR_pos,Positive_2774,Initial_TR_non_AVP,0,AVP-HNCL_non-AVP,neg1164,,,,
GILSGVLGMGKKIVCGLRGLC,21,Label_Mismatch,2,Initial_TS_AVP,1,Peptipedia,5113,Initial_TR_non_AVP,0,AVP-HNCL_non-AVP,neg716,,,,,,,,
GILKKFMLHRGTKVYKMRTLSKRSH,25,Label_Mismatch,4,Initial_TS_AVP,1,Peptipedia,5503,Initial_TS_non_AVP,0,UniProt,sp|P0CH49|,Initial_TR_AVP,1,Stack-AVP-TR_pos,Positive_2248,Initial_TR_non_AVP,0,AVP-HNCL_non-AVP,neg1441
GILGTVFKAGKGIVCGLTGLC,21,Label_Mismatch,3,Initial_TS_AVP,1,Peptipedia,4820,Initial_TR_AVP,1,Stack-AVP-TR_pos,Positive_2312,Initial_TR_non_AVP,0,AVP-HNCL_non-AVP,neg1138,,,,
GILGNIVGMGKQVVCGLSGLC,21,Label_Mismatch,2,Initial_TS_AVP,1,Peptipedia,6986,Initial_TR_non_AVP,0,AVP-HNCL_non-AVP,neg1492,,,,,,,,
GILGNIVGMGKKVVCGLSGLC,21,Label_Mismatch,2,Initial_TS_AVP,1,Peptipedia,7028,Initial_TR_non_AVP,0,AVP-HNCL_non-AVP,neg2057,,,,,,,,
GILDTIKNAAKTVAVGLLEKIKCKMTGC,28,Label_Mismatch,3,Initial_TS_AVP,1,Peptipedia,4621,Initial_TR_AVP,1,Stack-AVP-TR_pos,Positive_582,Initial_TR_non_AVP,0,AVP-HNCL_non-AVP,neg197,,,,
GILDTFKGVAKGVAKDLAVHMLENLKCKMTGC,32,Label_Mismatch,3,Initial_TS_AVP,1,Peptipedia,4794,Initial_TR_AVP,1,Stack-AVP-TR_pos,Positive_2820,Initial_TR_non_AVP,0,AVP-HNCL_non-AVP,neg1979,,,,
GIMDTVKNVAKNLAGQLLDKLKCKITAC,28,Label_Mismatch,2,Initial_TS_AVP,1,Peptipedia,4837,Initial_TR_non_AVP,0,AVP-HNCL_non-AVP,neg1867,,,,,,,,
GIMDTVKNAAKDLAGQLLDKLKCRITGC,28,Label_Mismatch,3,Initial_TS_AVP,1,Peptipedia,4755,Initial_TR_AVP,1,Stack-AVP-TR_pos,Positive_1222,Initial_TR_non_AVP,0,AVP-HNCL_non-AVP,neg2100,,,,
GIMDTVKNAAKDLAGQLDKLKCRITGC,27,Label_Mismatch,2,Initial_TS_AVP,1,Peptipedia,6640,Initial_TR_non_AVP,0,AVP-HNCL_non-AVP,neg552,,,,,,,,
GIMDSVKNAAKNLAGQLLDTIKCKITAC,28,Label_Mismatch,3,Initial_TS_AVP,1,Peptipedia,7386,Initial_TR_AVP,1,Stack-AVP-TR_pos,Positive_531,Initial_TR_non_AVP,0,AVP-HNCL_non-AVP,neg1233,,,,
GIMDSVKGVAKNLAAKLLEKLKCKITGC,28,Label_Mismatch,3,Initial_TS_AVP,1,Peptipedia,14636,Initial_TR_AVP,1,Stack-AVP-TR_pos,Positive_1606,Initial_TR_non_AVP,0,AVP-HNCL_non-AVP,neg1938,,,,
GIPCGESCVWIPCITSAIGCSCKSKVCYRN,30,Label_Mismatch,2,Initial_TS_AVP,1,Peptipedia,14651,Initial_TS_non_AVP,0,UniProt,sp|P83840|,,,,,,,,
GIPCGESCVFIPCITAAIGCSCKSKVCYRN,30,Label_Mismatch,3,Initial_TS_AVP,1,Peptipedia,3490,Initial_TS_non_AVP,0,UniProt,sp|P86902|,Initial_TR_non_AVP,0,AVP-HNCL_non-AVP,neg288,,,,
GIPCAESCVYIPCTITALLGCKCQDKVCYD,30,Label_Mismatch,2,Initial_TS_AVP,1,Peptipedia,14645,Initial_TS_non_AVP,0,UniProt,sp|P85134|,,,,,,,,
GIPCAESCVYIPCTITALLGCKCKDQVCYN,30,Label_Mismatch,2,Initial_TS_AVP,1,Peptipedia,14644,Initial_TS_non_AVP,0,UniProt,sp|P85135|,,,,,,,,
GIPCAESCVWIPCTVTALLGCSCSNKVCYN,30,Label_Mismatch,2,Initial_TS_AVP,1,Peptipedia,14643,Initial_TS_non_AVP,0,UniProt,sp|P83937|,,,,,,,,
GIPCGESCVWIPCLTSAVGCSCKSKVCYRN,30,Label_Mismatch,2,Initial_TS_AVP,1,Peptipedia,14656,Initial_TS_non_AVP,0,UniProt,sp|P58441|,,,,,,,,
GILSSFKGVAKGVAKNLAGKLLDELKCKITGC,32,Label_Mismatch,3,Initial_TS_AVP,1,Peptipedia,6573,Initial_TR_AVP,1,Stack-AVP-TR_pos,Positive_1404,Initial_TR_non_AVP,0,AVP-HNCL_non-AVP,neg1428,,,,
GKQYFPKVGGRLSGKAPLAAKTHRRLKP,28,Label_Mismatch,2,Initial_TS_AVP,1,Peptipedia,4845,Initial_TR_non_AVP,0,AVP-HNCL_non-AVP,neg1420,,,,,,,,
GKFSVFSKILRSIAKVFKGVGKVRKGFKTASDLDKNQ,37,Label_Mismatch,2,Initial_TS_AVP,1,Peptipedia,7035,Initial_TR_non_AVP,0,AVP-HNCL_non-AVP,neg1831,,,,,,,,
GKFSGFAKILKSIAKFFKGVGKVRKGFKEASDLDKNQ,37,Label_Mismatch,3,Initial_TS_AVP,1,Peptipedia,7083,Initial_TR_AVP,1,Stack-AVP-TR_pos,Positive_2147,Initial_TR_non_AVP,0,AVP-HNCL_non-AVP,neg1526,,,,
GKLNLFLSRLEILKLFVGAL,20,Label_Mismatch,2,Initial_TS_AVP,1,Peptipedia,6635,Initial_TR_non_AVP,0,AVP-HNCL_non-AVP,neg1984,,,,,,,,
GLFGRLRDSLQRGGQKILEKAERIWCKIKDIFR,33,Label_Mismatch,2,Initial_TS_AVP,1,Peptipedia,5765,Initial_TR_non_AVP,0,AVP-HNCL_non-AVP,neg344,,,,,,,,
GLFGKSSVVGRKYYVDLAGCAKA,23,Label_Mismatch,2,Initial_TS_AVP,1,Peptipedia,6662,Initial_TR_non_AVP,0,AVP-HNCL_non-AVP,neg855,,,,,,,,
GLFDSIKNVAKNVAAGLLDKLKCKITGC,28,Label_Mismatch,3,Initial_TS_AVP,1,Peptipedia,14686,Initial_TR_AVP,1,Stack-AVP-TR_pos,Positive_4280,Initial_TR_non_AVP,0,AVP-HNCL_non-AVP,neg257,,,,
GLFDIVKKVVGTLAGL,16,Label_Mismatch,3,Initial_TS_AVP,1,Peptipedia,5651,Initial_TR_AVP,1,Stack-AVP-TR_pos,Positive_3225,Initial_TR_non_AVP,0,AVP-HNCL_non-AVP,neg249,,,,
GLFDIVKKVVGALGSL,16,Label_Mismatch,3,Initial_TS_AVP,1,Peptipedia,5704,Initial_TR_AVP,1,Stack-AVP-TR_pos,Positive_2282,Initial_TR_non_AVP,0,AVP-HNCL_non-AVP,neg223,,,,
GLFSKLNKKKIKSGLIKIIKTAGKEAGLEALRTGIDVIGCKIKGEC,46,Label_Mismatch,3,Initial_TS_AVP,1,Peptipedia,14696,Initial_TR_AVP,1,Stack-AVP-TR_pos,Positive_3719,Initial_TR_non_AVP,0,AVP-HNCL_non-AVP,neg759,,,,
GLFSKFSGKGIKNFLIKGVKHIGKEVGMDVIRTGIDVAGCKIKGEC,46,Label_Mismatch,2,Initial_TS_AVP,1,Peptipedia,6289,Initial_TR_non_AVP,0,AVP-HNCL_non-AVP,neg103,,,,,,,,
GLFSILKGVGKIALKGLAKNMGKMGLDLVSCKISKEC,37,Label_Mismatch,3,Initial_TS_AVP,1,Peptipedia,5985,Initial_TR_AVP,1,Stack-AVP-TR_pos,Positive_4317,Initial_TR_non_AVP,0,AVP-HNCL_non-AVP,neg6,,,,
GLFPKINKKKAKTGVFNIIKTVGKEAGMDLIRTGIDTIGCKIKGEC,46,Label_Mismatch,3,Initial_TS_AVP,1,Peptipedia,5529,Initial_TR_AVP,1,Stack-AVP-TR_pos,Positive_4528,Initial_TR_non_AVP,0,AVP-HNCL_non-AVP,neg1705,,,,
GLFLNTVKDVAKDVAKDVAGKLLESLKCKITGCKS,35,Label_Mismatch,3,Initial_TS_AVP,1,Peptipedia,14693,Initial_TS_non_AVP,0,UniProt,sp|P0DQK3|,Initial_TR_AVP,1,Stack-AVP-TR_pos,Positive_3894,,,,
GLFLNTVKDVAKDVAKDVAGKLLESLKCKITGCKP,35,Label_Mismatch,2,Initial_TS_AVP,1,Peptipedia,14692,Initial_TS_non_AVP,0,UniProt,sp|P0DQK4|,,,,,,,,
GLFTLIKGAYKNDAPTVACN,20,Label_Mismatch,2,Initial_TS_AVP,1,Peptipedia,4684,Initial_TR_non_AVP,0,AVP-HNCL_non-AVP,neg1095,,,,,,,,
GLFTLIKGAYKLDAPTVACN,20,Label_Mismatch,3,Initial_TS_AVP,1,Peptipedia,6360,Initial_TR_AVP,1,Stack-AVP-TR_pos,Positive_21,Initial_TR_non_AVP,0,AVP-HNCL_non-AVP,neg91,,,,
GLKEIFKAGLGSLVKGIAAHVAS,23,Label_Mismatch,3,Initial_TS_AVP,1,Peptipedia,6754,Initial_TS_non_AVP,0,UniProt,sp|H0USY4|,Initial_TR_AVP,1,Stack-AVP-TR_pos,Positive_1184,,,,
GLKEIFKAGLGSLVKGIAAHVAN,23,Label_Mismatch,2,Initial_TS_AVP,1,Peptipedia,5584,Initial_TS_non_AVP,0,UniProt,sp|P0DQW3|,,,,,,,,
GLKDIFKAGLGSLVKGIAAHVAN,23,Label_Mismatch,2,Initial_TS_AVP,1,Peptipedia,6526,Initial_TS_non_AVP,0,UniProt,sp|P0DQW2|,,,,,,,,
GLISGLLGVGKMLVCGLSGLC,21,Label_Mismatch,2,Initial_TS_AVP,1,Peptipedia,5708,Initial_TR_non_AVP,0,AVP-HNCL_non-AVP,neg1595,,,,,,,,
GLISGILGVGKMLVCGLSGLC,21,Label_Mismatch,3,Initial_TS_AVP,1,Peptipedia,4963,Initial_TR_AVP,1,Stack-AVP-TR_pos,Positive_935,Initial_TR_non_AVP,0,AVP-HNCL_non-AVP,neg2127,,,,
GLISGILGVGKKLVCGLSGLC,21,Label_Mismatch,2,Initial_TS_AVP,1,Peptipedia,5290,Initial_TR_non_AVP,0,AVP-HNCL_non-AVP,neg1822,,,,,,,,
GLIDTIKNMALNAAKSAGVSVLNTLSCKLSKTC,33,Label_Mismatch,2,Initial_TS_AVP,1,Peptipedia,5926,Initial_TR_non_AVP,0,AVP-HNCL_non-AVP,neg2115,,,,,,,,
GLFTKFAGKGIKDLIFKGVKHIGKEVGMDVIRVGIDVAGCKIKGVC,46,Label_Mismatch,3,Initial_TS_AVP,1,Peptipedia,6776,Initial_TR_AVP,1,Stack-AVP-TR_pos,Positive_75,Initial_TR_non_AVP,0,AVP-HNCL_non-AVP,neg490,,,,
GLLDTIKNMALNAAKSAGVSVLNSLSCKDSKTC,33,Label_Mismatch,2,Initial_TS_AVP,1,Peptipedia,6007,Initial_TR_non_AVP,0,AVP-HNCL_non-AVP,neg1903,,,,,,,,
GLLDTFKNLAINAAESAGVSVLNSLSCKLSKTC,33,Label_Mismatch,3,Initial_TS_AVP,1,Peptipedia,4722,Initial_TR_AVP,1,Stack-AVP-TR_pos,Positive_2740,Initial_TR_non_AVP,0,AVP-HNCL_non-AVP,neg684,,,,
GLLDGILNANFNAAKSAGTSVLNALSCKLSKTC,33,Label_Mismatch,2,Initial_TS_AVP,1,Peptipedia,6533,Initial_TR_non_AVP,0,AVP-HNCL_non-AVP,neg229,,,,,,,,
GLLDFAKHVIGIASKL,16,Label_Mismatch,3,Initial_TS_AVP,1,Peptipedia,6561,Initial_TR_AVP,1,Stack-AVP-TR_pos,Positive_3329,Initial_TR_non_AVP,0,AVP-HNCL_non-AVP,neg1239,,,,
GLLASLGKVLGGYLAEKLKPK,21,Label_Mismatch,2,Initial_TS_AVP,1,Peptipedia,4931,Initial_TS_non_AVP,0,UniProt,sp|P84271|,,,,,,,,
GLLASLGKVLGGYLAEKLKP,20,Label_Mismatch,2,Initial_TS_AVP,1,Peptipedia,5288,Initial_TS_non_AVP,0,UniProt,sp|P84269|,,,,,,,,
GLGKAQCAALWLQCASGGTIGCGGGAVACQNYRQFCR,37,Label_Mismatch,3,Initial_TS_AVP,1,Peptipedia,5062,Initial_TR_AVP,1,Stack-AVP-TR_pos,Positive_4130,Initial_TR_non_AVP,0,AVP-HNCL_non-AVP,neg352,,,,
GLLGTLGNLLNGLGL,15,Label_Mismatch,4,Initial_TS_AVP,1,Peptipedia,5376,Initial_TS_non_AVP,0,UniProt,sp|P82022|,Initial_TR_AVP,1,Stack-AVP-TR_pos,Positive_2959,Initial_TR_non_AVP,0,AVP-HNCL_non-AVP,neg1774
GLLGSIGNAIGAFIANKLKPK,21,Label_Mismatch,2,Initial_TS_AVP,1,Peptipedia,6128,Initial_TS_non_AVP,0,UniProt,sp|P84268|,,,,,,,,
GLLGSIGNAIGAFIANKLKP,20,Label_Mismatch,2,Initial_TS_AVP,1,Peptipedia,6861,Initial_TS_non_AVP,0,UniProt,sp|P84267|,,,,,,,,
GLLGSIGKVLGGYLAEKLKPK,21,Label_Mismatch,2,Initial_TS_AVP,1,Peptipedia,5739,Initial_TS_non_AVP,0,UniProt,sp|P84270|,,,,,,,,
GLLGLLGSVVSHVLPAITQHL,21,Label_Mismatch,3,Initial_TS_AVP,1,Peptipedia,5399,Initial_TR_AVP,1,Stack-AVP-TR_pos,Positive_1536,Initial_TR_non_AVP,0,AVP-HNCL_non-AVP,neg988,,,,
GLLGGLLGPLLGGGGGGGGGLL,22,Label_Mismatch,3,Initial_TS_AVP,1,Peptipedia,4652,Initial_TS_non_AVP,0,UniProt,sp|P86267|,Initial_TR_AVP,1,Stack-AVP-TR_pos,Positive_1246,,,,
GLGSLLGKAFKIGLKTVGKMMGGAPREQ,28,Label_Mismatch,3,Initial_TS_AVP,1,Peptipedia,5050,Initial_TS_non_AVP,0,UniProt,sp|C0HK89|,Initial_TR_AVP,1,Stack-AVP-TR_pos,Positive_2389,,,,
GLLDTLKGAAKNVVGSLASKVMEKL,25,Label_Mismatch,3,Initial_TS_AVP,1,Peptipedia,6333,Initial_TS_non_AVP,0,UniProt,sp|P0DQJ7|,Initial_TR_AVP,1,Stack-AVP-TR_pos,Positive_966,,,,
GLLSGVLGVGKKIVCGLSGLC,21,Label_Mismatch,2,Initial_TS_AVP,1,Peptipedia,5572,Initial_TR_non_AVP,0,AVP-HNCL_non-AVP,neg1483,,,,,,,,
GLLSGILGAGKHIVCGLTGCAKA,23,Label_Mismatch,3,Initial_TS_AVP,1,Peptipedia,5076,Initial_TR_AVP,1,Stack-AVP-TR_pos,Positive_851,Initial_TR_non_AVP,0,AVP-HNCL_non-AVP,neg1869,,,,
GLLSGILGAGKHIVCGLSGLK,21,Label_Mismatch,3,Initial_TS_AVP,1,Peptipedia,5004,Initial_TR_AVP,1,Stack-AVP-TR_pos,Positive_3173,Initial_TR_non_AVP,0,AVP-HNCL_non-AVP,neg1809,,,,
GLPTCGETCTLGTCYVPDCSCSWPICMKN,29,Label_Mismatch,2,Initial_TS_AVP,1,Peptipedia,3463,Initial_TR_non_AVP,0,AVP-HNCL_non-AVP,neg1963,,,,,,,,
GLPTCGETCFGGTCNTPGCTCDSSWPICTHN,31,Label_Mismatch,2,Initial_TS_AVP,1,Peptipedia,14737,Initial_TS_non_AVP,0,UniProt,sp|P85186|,,,,,,,,
GLPTCGETCFGGTCNTPGCSCSSWPICTRD,30,Label_Mismatch,2,Initial_TS_AVP,1,Peptipedia,14735,Initial_TS_non_AVP,0,UniProt,sp|P85128|,,,,,,,,
GLPICGETCVGGTCNTPGCTCSWPVCTRN,29,Label_Mismatch,2,Initial_TS_AVP,1,Peptipedia,14734,Initial_TS_non_AVP,0,UniProt,sp|P85185|,,,,,,,,
GLPVCGETCFGGTCNTPGCTCSYPICTRN,29,Label_Mismatch,2,Initial_TS_AVP,1,Peptipedia,14748,Initial_TS_non_AVP,0,UniProt,sp|P85240|,,,,,,,,
GLPVCGETCFGGTCNTPGCSCTDPICTRD,29,Label_Mismatch,2,Initial_TS_AVP,1,Peptipedia,14747,Initial_TS_non_AVP,0,UniProt,sp|P85129|,,,,,,,,
GLPVCGETCFGGTCNTPGCSCSYPICTRN,29,Label_Mismatch,2,Initial_TS_AVP,1,Peptipedia,14746,Initial_TS_non_AVP,0,UniProt,sp|P85239|,,,,,,,,
GLPVCGETCFGGTCNTPGCACDPWPVCTRD,30,Label_Mismatch,2,Initial_TS_AVP,1,Peptipedia,14742,Initial_TS_non_AVP,0,UniProt,sp|P85131|,,,,,,,,
GLPVCGETCFGGRCNTPGCTCSYPICTRN,29,Label_Mismatch,2,Initial_TS_AVP,1,Peptipedia,14741,Initial_TS_non_AVP,0,UniProt,sp|P85242|,,,,,,,,
GLPVCGETCAFGSCYTPGCSCSWPVCTRN,29,Label_Mismatch,2,Initial_TS_AVP,1,Peptipedia,14740,Initial_TS_non_AVP,0,UniProt,sp|P85241|,,,,,,,,
GLPVCGESCFGGTCNTPGCACDPWPVCTRD,30,Label_Mismatch,2,Initial_TS_AVP,1,Peptipedia,14739,Initial_TS_non_AVP,0,UniProt,sp|P85132|,,,,,,,,
GLPVCGESCFGGSCYTPGCSCTWPICTRD,29,Label_Mismatch,2,Initial_TS_AVP,1,Peptipedia,14738,Initial_TS_non_AVP,0,UniProt,sp|P85133|,,,,,,,,
GLMDTIKGVAKTVAASWLDKLKCKITGC,28,Label_Mismatch,2,Initial_TS_AVP,1,Peptipedia,6949,Initial_TR_non_AVP,0,AVP-HNCL_non-AVP,neg551,,,,,,,,
GLPVCGETCVTGSCYTPGCTCSWPVCTRN,29,Label_Mismatch,2,Initial_TS_AVP,1,Peptipedia,14754,Initial_TS_non_AVP,0,UniProt,sp|P85184|,,,,,,,,
GLPVCGETCVGGTCNTPGCSCSWPVCTRN,29,Label_Mismatch,3,Initial_TS_AVP,1,Peptipedia,14752,Initial_TS_non_AVP,0,UniProt,sp|P58446|,Initial_TR_non_AVP,0,AVP-HNCL_non-AVP,neg1368,,,,
GLMSVLKGVLKTAGKHIFKNVGGSLLDQAKCKITGQC,37,Label_Mismatch,2,Initial_TS_AVP,1,Peptipedia,4928,Initial_TR_non_AVP,0,AVP-HNCL_non-AVP,neg1772,,,,,,,,
GLMSTLKDFGKTAAKEIAQSLLSTASCKLAKTC,33,Label_Mismatch,3,Initial_TS_AVP,1,Peptipedia,5046,Initial_TR_AVP,1,Stack-AVP-TR_pos,Positive_843,Initial_TR_non_AVP,0,AVP-HNCL_non-AVP,neg1153,,,,
GLMSLFRGVLKTAGKHIFKNVGGSLLDQAKCKITGEC,37,Label_Mismatch,3,Initial_TS_AVP,1,Peptipedia,5702,Initial_TR_AVP,1,Stack-AVP-TR_pos,Positive_824,Initial_TR_non_AVP,0,AVP-HNCL_non-AVP,neg264,,,,
GLMDVFKGAAKNLLASALDKIRCKVTKC,28,Label_Mismatch,3,Initial_TS_AVP,1,Peptipedia,7049,Initial_TR_AVP,1,Stack-AVP-TR_pos,Positive_818,Initial_TR_non_AVP,0,AVP-HNCL_non-AVP,neg1425,,,,
GLMDTVKNAAKNLAGQLLDTIKCKMTGC,28,Label_Mismatch,2,Initial_TS_AVP,1,Peptipedia,4813,Initial_TR_non_AVP,0,AVP-HNCL_non-AVP,neg33,,,,,,,,
GLWNSIKIAGKKLFVNVLDKIRCKVAGGCKTSPDVE,36,Label_Mismatch,3,Initial_TS_AVP,1,Peptipedia,6985,Initial_TR_AVP,1,Stack-AVP-TR_pos,Positive_1829,Initial_TR_non_AVP,0,AVP-HNCL_non-AVP,neg1701,,,,
GLVPCGETCFTGKCYTPGCSCSYPICKKN,29,Label_Mismatch,2,Initial_TS_AVP,1,Peptipedia,14760,Initial_TS_non_AVP,0,UniProt,sp|P85178|,,,,,,,,
GKWMSLLKHILK,12,Label_Mismatch,3,Initial_TS_AVP,1,Peptipedia,6714,Initial_TS_non_AVP,0,UniProt,sp|P0DQX5|,Initial_TR_AVP,1,Stack-AVP-TR_pos,Positive_885,,,,
GKWGWIYITILFADVGGFKSSRHPEERRVQERRFKRITRGPD,42,Label_Mismatch,3,Initial_TS_AVP,1,Peptipedia,4840,Initial_TR_AVP,1,Stack-AVP-TR_pos,Positive_4461,Initial_TR_non_AVP,0,AVP-HNCL_non-AVP,neg226,,,,
GLWSTIKNVGKEAAIAAGKAVLGSLGEQ,28,Label_Mismatch,3,Initial_TS_AVP,1,Peptipedia,5284,Initial_TR_AVP,1,Stack-AVP-TR_pos,Positive_4028,Initial_TR_non_AVP,0,AVP-HNCL_non-AVP,neg773,,,,
GLWSTIKNVGKEAAIAAGKAALGALGEQ,28,Label_Mismatch,2,Initial_TS_AVP,1,Peptipedia,6800,Initial_TR_non_AVP,0,AVP-HNCL_non-AVP,neg1031,,,,,,,,
GLWSKIKTAGKSVAKAAAKAAVKAVTNAV,29,Label_Mismatch,2,Initial_TS_AVP,1,Peptipedia,5009,Initial_TS_non_AVP,0,UniProt,sp|P80281|,,,,,,,,
GLWSKIKEAAKAAGKAALNAVTGLVNQGDQPS,32,Label_Mismatch,4,Initial_TS_AVP,1,Peptipedia,6725,Initial_TS_non_AVP,0,UniProt,sp|P0DTD6|,Initial_TR_AVP,1,Stack-AVP-TR_pos,Positive_1913,Initial_TR_non_AVP,0,AVP-HNCL_non-AVP,neg373
GLWQLIKDKIKDAATGFVTGIQS,23,Label_Mismatch,2,Initial_TS_AVP,1,Peptipedia,6213,Initial_TS_non_AVP,0,UniProt,sp|P84264|,,,,,,,,
GMWSKILGHLIR,12,Label_Mismatch,3,Initial_TS_AVP,1,Peptipedia,6301,Initial_TS_non_AVP,0,UniProt,sp|P0DQX4|,Initial_TR_AVP,1,Stack-AVP-TR_pos,Positive_1993,,,,
GMSGYIQGIPDFLKGYLHGISAANKHKKGRLGY,33,Label_Mismatch,3,Initial_TS_AVP,1,Peptipedia,5077,Initial_TR_AVP,1,Stack-AVP-TR_pos,Positive_170,Initial_TR_non_AVP,0,AVP-HNCL_non-AVP,neg1623,,,,
GPVGLLSSPGSLPPVGGAP,19,Label_Mismatch,3,Initial_TS_AVP,1,Peptipedia,7111,Initial_TS_non_AVP,0,UniProt,sp|B3A0L2|,Initial_TR_AVP,1,Stack-AVP-TR_pos,Positive_2339,,,,
GSGRGSCRSQCMRRHEDEPWRVQECVSQCRRRRGGGD,37,Label_Mismatch,2,Initial_TS_AVP,1,Peptipedia,14810,Initial_TR_non_AVP,0,AVP-HNCL_non-AVP,neg1913,,,,,,,,
GSCSCSGTISPYGLRTCRATKTKPSHPTTKETHPQTLPT,39,Label_Mismatch,3,Initial_TS_AVP,1,Peptipedia,6427,Initial_TR_AVP,1,Stack-AVP-TR_pos,Positive_1359,Initial_TR_non_AVP,0,AVP-HNCL_non-AVP,neg897,,,,
GSEIQPR,7,Label_Mismatch,3,Initial_TS_AVP,1,Peptipedia,5108,Initial_TS_non_AVP,0,UniProt,sp|P36960|,Initial_TR_AVP,1,Stack-AVP-TR_pos,Positive_4258,,,,
GSPRQCAETCFIGKCYTEELGCTCTAFLCMKN,32,Label_Mismatch,2,Initial_TS_AVP,1,Peptipedia,14821,Initial_TS_non_AVP,0,UniProt,sp|P84649|,,,,,,,,
GSPIQCAETCFIGKCYTEELGCTCTAFLCMKN,32,Label_Mismatch,2,Initial_TS_AVP,1,Peptipedia,14820,Initial_TS_non_AVP,0,UniProt,sp|P84648|,,,,,,,,
GSIPCAESCVYIPCITGIAGCSCKNKVCYYN,31,Label_Mismatch,2,Initial_TS_AVP,1,Peptipedia,14812,Initial_TS_non_AVP,0,UniProt,sp|P84636|,,,,,,,,
GSIPCAESCVYIPCFTGIAGCSCKNKVCYYN,31,Label_Mismatch,2,Initial_TS_AVP,1,Peptipedia,14811,Initial_TS_non_AVP,0,UniProt,sp|P84635|,,,,,,,,
GSLCGDTCFVLGCNDSSCSCNYPICVKD,28,Label_Mismatch,2,Initial_TS_AVP,1,Peptipedia,14814,Initial_TS_non_AVP,0,UniProt,sp|P85130|,,,,,,,,
GSKKPVPIIYCNRRTGKCQRM,21,Label_Mismatch,2,Initial_TS_AVP,1,Peptipedia,5873,Initial_TS_non_AVP,0,UniProt,sp|P55788|,,,,,,,,
GSVFNCGETCVLGTCYTPGCTCNTYRVCTKD,31,Label_Mismatch,2,Initial_TS_AVP,1,Peptipedia,13777,Initial_TS_non_AVP,0,UniProt,sp|P85127|,,,,,,,,
GTLPCGESCVWIPCISSVVGCSCKSKVCYKD,31,Label_Mismatch,2,Initial_TS_AVP,1,Peptipedia,14835,Initial_TS_non_AVP,0,UniProt,sp|P85182|,,,,,,,,
GVFTLIKGATQLIGKTLGKELGKTGLEIMACKITKQC,37,Label_Mismatch,2,Initial_TS_AVP,1,Peptipedia,4959,Initial_TR_non_AVP,0,AVP-HNCL_non-AVP,neg1257,,,,,,,,
GVFSFLKTGAKLLGSTLLKMAGKAGAEHLACKATNQC,37,Label_Mismatch,3,Initial_TS_AVP,1,Peptipedia,5513,Initial_TR_AVP,1,Stack-AVP-TR_pos,Positive_2092,Initial_TR_non_AVP,0,AVP-HNCL_non-AVP,neg1053,,,,
GVIKSVLKGVAKTVALGML,19,Label_Mismatch,3,Initial_TS_AVP,1,Peptipedia,6578,Initial_TR_AVP,1,Stack-AVP-TR_pos,Positive_40,Initial_TR_non_AVP,0,AVP-HNCL_non-AVP,neg1277,,,,
GTPGFQTPDARVISRFGFN,19,Label_Mismatch,3,Initial_TS_AVP,1,Peptipedia,5831,Initial_TR_AVP,1,Stack-AVP-TR_pos,Positive_827,Initial_TR_non_AVP,0,AVP-HNCL_non-AVP,neg401,,,,
GTIPCGESCVFIPCLTSALGCSCKSKVCYKN,31,Label_Mismatch,2,Initial_TS_AVP,1,Peptipedia,14832,Initial_TS_non_AVP,0,UniProt,sp|P85244|,,,,,,,,
GVLDILTGAGKDLLAHALSKLSEKV,25,Label_Mismatch,2,Initial_TS_AVP,1,Peptipedia,4752,Initial_TR_non_AVP,0,AVP-HNCL_non-AVP,neg583,,,,,,,,
GVLATVKNLLIGTGDGAAQSVLKTLSCKLSNDC,33,Label_Mismatch,3,Initial_TS_AVP,1,Peptipedia,4734,Initial_TR_AVP,1,Stack-AVP-TR_pos,Positive_3728,Initial_TR_non_AVP,0,AVP-HNCL_non-AVP,neg945,,,,
GVVDILKGAAKDLAGHLATKVMNKL,25,Label_Mismatch,2,Initial_TS_AVP,1,Peptipedia,7044,Initial_TS_non_AVP,0,UniProt,sp|P0DQL0|,,,,,,,,
GWKKWLRKGAKHLGQAAIKGLAS,23,Label_Mismatch,3,Initial_TS_AVP,1,Peptipedia,5086,Initial_TR_AVP,1,Stack-AVP-TR_pos,Positive_682,Initial_TR_non_AVP,0,AVP-HNCL_non-AVP,neg1834,,,,
GWKIGKKLEHHGQNIRDGLISAGPAVFAVGQAATIYAAAK,40,Label_Mismatch,3,Initial_TS_AVP,1,Peptipedia,6044,Initial_TR_AVP,1,Stack-AVP-TR_pos,Positive_1225,Initial_TR_non_AVP,0,AVP-HNCL_non-AVP,neg2084,,,,
GVVTDLLKTAGKLLGNLVGSLSG,23,Label_Mismatch,2,Initial_TS_AVP,1,Peptipedia,6542,Initial_TR_non_AVP,0,AVP-HNCL_non-AVP,neg1328,,,,,,,,
GVVTDLLKTAGKLLGNLFGSLSG,23,Label_Mismatch,3,Initial_TS_AVP,1,Peptipedia,5349,Initial_TR_AVP,1,Stack-AVP-TR_pos,Positive_4024,Initial_TR_non_AVP,0,AVP-HNCL_non-AVP,neg115,,,,
GWFKKTFHKVSHAVKSGIHAGQRGCSALGF,30,Label_Mismatch,3,Initial_TS_AVP,1,Peptipedia,5107,Initial_TR_AVP,1,Stack-AVP-TR_pos,Positive_3070,Initial_TR_non_AVP,0,AVP-HNCL_non-AVP,neg748,,,,
HAEHKVKIGVEQKYGQFPQGTEVTYTCSGNYFLM,34,Label_Mismatch,3,Initial_TS_AVP,1,Peptipedia,5843,Initial_TR_AVP,1,Stack-AVP-TR_pos,Positive_1546,Initial_TR_non_AVP,0,AVP-HNCL_non-AVP,neg1399,,,,
HNKQEGRDHDKSKGHFHRVVIHHKGGKAH,29,Label_Mismatch,3,Initial_TS_AVP,1,Peptipedia,6597,Initial_TR_AVP,1,Stack-AVP-TR_pos,Positive_3793,Initial_TR_non_AVP,0,AVP-HNCL_non-AVP,neg1469,,,,
HKTDSFVGLM,10,Label_Mismatch,4,Initial_TS_AVP,1,Peptipedia,7076,Initial_TS_non_AVP,0,UniProt,sp|P19851|,Initial_TR_AVP,1,Stack-AVP-TR_pos,Positive_3425,Initial_TR_non_AVP,0,AVP-HNCL_non-AVP,neg519
HSDAVFTDNYTRLRKQMAVKKYLNSILN,28,Label_Mismatch,3,Initial_TS_AVP,1,Peptipedia,4784,Initial_TS_non_AVP,0,UniProt,sp|P63289|,Initial_TR_AVP,1,Stack-AVP-TR_pos,Positive_542,,,,
IDWLKLGKMVMDVL,14,Label_Mismatch,4,Initial_TS_AVP,1,Peptipedia,5125,Initial_TS_non_AVP,0,UniProt,sp|P84914|,Initial_TR_AVP,1,Stack-AVP-TR_pos,Positive_134,Initial_TR_non_AVP,0,AVP-HNCL_non-AVP,neg1540
IDWLKLGKMVIDAL,14,Label_Mismatch,3,Initial_TS_AVP,1,Peptipedia,5462,Initial_TR_AVP,1,Stack-AVP-TR_pos,Positive_3271,Initial_TR_non_AVP,0,AVP-HNCL_non-AVP,neg1784,,,,
ICACRRRFCPNSERFSGYCRVNGARYVRCCSRR,33,Label_Mismatch,2,Initial_TS_AVP,1,Peptipedia,6085,Initial_TR_non_AVP,0,AVP-HNCL_non-AVP,neg554,,,,,,,,
IDPFVAGVAAEMMQHVYCAASKKC,24,Label_Mismatch,2,Initial_TS_AVP,1,Peptipedia,6970,Initial_TR_non_AVP,0,AVP-HNCL_non-AVP,neg571,,,,,,,,
IFGAILPLALGALKNLIK,18,Label_Mismatch,3,Initial_TS_AVP,1,Peptipedia,6902,Initial_TS_non_AVP,0,UniProt,sp|P85982|,Initial_TR_non_AVP,0,AVP-HNCL_non-AVP,neg274,,,,
IIIQYEGHKH,10,Label_Mismatch,2,Initial_TS_AVP,1,Peptipedia,18464,Initial_TS_non_AVP,0,UniProt,sp|B3EWP8|,,,,,,,,
IIGHLIKTALGMLGL,15,Label_Mismatch,3,Initial_TS_AVP,1,Peptipedia,4598,Initial_TS_non_AVP,0,UniProt,sp|P86131|,Initial_TR_non_AVP,0,AVP-HNCL_non-AVP,neg1077,,,,
IIGHLIKTALGFLGL,15,Label_Mismatch,4,Initial_TS_AVP,1,Peptipedia,6282,Initial_TS_non_AVP,0,UniProt,sp|P86132|,Initial_TR_AVP,1,Stack-AVP-TR_pos,Positive_4587,Initial_TR_non_AVP,0,AVP-HNCL_non-AVP,neg153
IIEKLVNTALGLLSGL,16,Label_Mismatch,4,Initial_TS_AVP,1,Peptipedia,5173,Initial_TS_non_AVP,0,UniProt,sp|P86127|,Initial_TR_AVP,1,Stack-AVP-TR_pos,Positive_3376,Initial_TR_non_AVP,0,AVP-HNCL_non-AVP,neg1400
IKITTMLAKLGKVLAHV,17,Label_Mismatch,4,Initial_TS_AVP,1,Peptipedia,4857,Initial_TS_non_AVP,0,UniProt,sp|P10521|,Initial_TR_AVP,1,Stack-AVP-TR_pos,Positive_2073,Initial_TR_non_AVP,0,AVP-HNCL_non-AVP,neg2011
IIGPVLGMVGSALGGLLKKI,20,Label_Mismatch,3,Initial_TS_AVP,1,Peptipedia,5727,Initial_TR_AVP,1,Stack-AVP-TR_pos,Positive_398,Initial_TR_non_AVP,0,AVP-HNCL_non-AVP,neg839,,,,
IKIPAVVKDTLKKVAKGVLSAVAGALTQ,28,Label_Mismatch,3,Initial_TS_AVP,1,Peptipedia,6124,Initial_TR_AVP,1,Stack-AVP-TR_pos,Positive_1167,Initial_TR_non_AVP,0,AVP-HNCL_non-AVP,neg1871,,,,
IKIMDILAKLGKVLAHV,17,Label_Mismatch,4,Initial_TS_AVP,1,Peptipedia,6816,Initial_TS_non_AVP,0,UniProt,sp|P07494|,Initial_TR_AVP,1,Stack-AVP-TR_pos,Positive_2542,Initial_TR_non_AVP,0,AVP-HNCL_non-AVP,neg1165
ILGKLLSTAAGLLSNL,16,Label_Mismatch,3,Initial_TS_AVP,1,Peptipedia,5997,Initial_TS_non_AVP,0,UniProt,sp|P0DQW5|,Initial_TR_AVP,1,Stack-AVP-TR_pos,Positive_2288,,,,
IKLSPETKDNLKKVLKGAIKGAIAVAKMV,29,Label_Mismatch,3,Initial_TS_AVP,1,Peptipedia,6963,Initial_TR_AVP,1,Stack-AVP-TR_pos,Positive_1417,Initial_TR_non_AVP,0,AVP-HNCL_non-AVP,neg1889,,,,
ILPFVAGVAAEMMQHVYCAASKKC,24,Label_Mismatch,2,Initial_TS_AVP,1,Peptipedia,5519,Initial_TR_non_AVP,0,AVP-HNCL_non-AVP,neg658,,,,,,,,
ILPFVAGVAAEMMKHVYCAASKKC,24,Label_Mismatch,2,Initial_TS_AVP,1,Peptipedia,4622,Initial_TR_non_AVP,0,AVP-HNCL_non-AVP,neg1243,,,,,,,,
ILPFVAGVAAEMMEHVYCAASKKC,24,Label_Mismatch,3,Initial_TS_AVP,1,Peptipedia,5996,Initial_TR_AVP,1,Stack-AVP-TR_pos,Positive_2304,Initial_TR_non_AVP,0,AVP-HNCL_non-AVP,neg259,,,,
ILENLLARSTNEDREGSIFDTGPIRRPKPRPRPRPEG,37,Label_Mismatch,3,Initial_TS_AVP,1,Peptipedia,6915,Initial_TR_AVP,1,Stack-AVP-TR_pos,Positive_3404,Initial_TR_non_AVP,0,AVP-HNCL_non-AVP,neg58,,,,
ILGPVLGLVGNALGGLIKNE,20,Label_Mismatch,3,Initial_TS_AVP,1,Peptipedia,4721,Initial_TS_non_AVP,0,UniProt,sp|P83086|,Initial_TR_AVP,1,Stack-AVP-TR_pos,Positive_424,,,,
ILPLLLGKVVCAITKKC,17,Label_Mismatch,3,Initial_TS_AVP,1,Peptipedia,5063,Initial_TR_AVP,1,Stack-AVP-TR_pos,Positive_4195,Initial_TR_non_AVP,0,AVP-HNCL_non-AVP,neg1248,,,,
ILPILGNLLNGLL,13,Label_Mismatch,2,Initial_TS_AVP,1,Peptipedia,7101,Initial_TR_non_AVP,0,AVP-HNCL_non-AVP,neg636,,,,,,,,
ILPIIGKILSTIF,13,Label_Mismatch,3,Initial_TS_AVP,1,Peptipedia,5965,Initial_TR_AVP,1,Stack-AVP-TR_pos,Positive_898,Initial_TR_non_AVP,0,AVP-HNCL_non-AVP,neg1359,,,,
INVLGILGLLGKALSHL,17,Label_Mismatch,2,Initial_TS_AVP,1,Peptipedia,7045,Initial_TS_non_AVP,0,UniProt,sp|P07496|,,,,,,,,
INPFVAGVAAEMMQHVYCAASKKC,24,Label_Mismatch,2,Initial_TS_AVP,1,Peptipedia,6517,Initial_TR_non_AVP,0,AVP-HNCL_non-AVP,neg1503,,,,,,,,
INWKKIFEKVKNLV,14,Label_Mismatch,4,Initial_TS_AVP,1,Peptipedia,6994,Initial_TS_non_AVP,0,UniProt,sp|P0DRA5|,Initial_TR_AVP,1,Stack-AVP-TR_pos,Positive_641,Initial_TR_non_AVP,0,AVP-HNCL_non-AVP,neg495
INWKKIASIGKEVLKAL,17,Label_Mismatch,3,Initial_TS_AVP,1,Peptipedia,6327,Initial_TS_non_AVP,0,UniProt,sp|P85874|,Initial_TR_AVP,1,Stack-AVP-TR_pos,Positive_1470,,,,
INIKDILAKLVKVLGHV,17,Label_Mismatch,4,Initial_TS_AVP,1,Peptipedia,5346,Initial_TS_non_AVP,0,UniProt,sp|P07495|,Initial_TR_AVP,1,Stack-AVP-TR_pos,Positive_4475,Initial_TR_non_AVP,0,AVP-HNCL_non-AVP,neg1826
IPWKLPATFRPVERPFSKPFCRKD,24,Label_Mismatch,3,Initial_TS_AVP,1,Peptipedia,7082,Initial_TR_AVP,1,Stack-AVP-TR_pos,Positive_1510,Initial_TR_non_AVP,0,AVP-HNCL_non-AVP,neg784,,,,
IPAMEPAARVKRSPGYGGCSPRWACGGYG,29,Label_Mismatch,3,Initial_TS_AVP,1,Peptipedia,6047,Initial_TR_AVP,1,Stack-AVP-TR_pos,Positive_2786,Initial_TR_non_AVP,0,AVP-HNCL_non-AVP,neg1318,,,,
INWLKLGKKMMSAL,14,Label_Mismatch,4,Initial_TS_AVP,1,Peptipedia,7129,Initial_TS_non_AVP,0,UniProt,sp|P0DRA7|,Initial_TR_AVP,1,Stack-AVP-TR_pos,Positive_3186,Initial_TR_non_AVP,0,AVP-HNCL_non-AVP,neg1874
INWLKLGKKILGAL,14,Label_Mismatch,4,Initial_TS_AVP,1,Peptipedia,6390,Initial_TS_non_AVP,0,UniProt,sp|P0DRA6|,Initial_TR_AVP,1,Stack-AVP-TR_pos,Positive_1497,Initial_TR_non_AVP,0,AVP-HNCL_non-AVP,neg298
IRNSLTCRFNFGICLPKRCPGRMRQIGTCF,30,Label_Mismatch,3,Initial_TS_AVP,1,Peptipedia,6416,Initial_TR_AVP,1,Stack-AVP-TR_pos,Positive_893,Initial_TR_non_AVP,0,AVP-HNCL_non-AVP,neg1999,,,,
ITSVSWCTPGCTSEGGGSGCSHCC,24,Label_Mismatch,3,Initial_TS_AVP,1,Peptipedia,6747,Initial_TR_AVP,1,Stack-AVP-TR_pos,Positive_544,Initial_TR_non_AVP,0,AVP-HNCL_non-AVP,neg1071,,,,
KDLHTVVSAILQAL,14,Label_Mismatch,3,Initial_TS_AVP,1,Peptipedia,15127,Initial_TR_AVP,1,Stack-AVP-TR_pos,Positive_1533,Initial_TR_non_AVP,0,AVP-HNCL_non-AVP,neg269,,,,
KCWNLRGSCREKCIKNEKLYIFCTSGKLCCLKPKFQPNMLQR,42,Label_Mismatch,3,Initial_TS_AVP,1,Peptipedia,5092,Initial_TR_AVP,1,Stack-AVP-TR_pos,Positive_2686,Initial_TR_non_AVP,0,AVP-HNCL_non-AVP,neg1951,,,,
KCKWWNISCDLGNNGHVCTLSHECQVSCN,29,Label_Mismatch,3,Initial_TS_AVP,1,Peptipedia,6020,Initial_TR_AVP,1,Stack-AVP-TR_pos,Positive_1179,Initial_TR_non_AVP,0,AVP-HNCL_non-AVP,neg1851,,,,
KFHEKHHSHRGY,12,Label_Mismatch,2,Initial_TS_AVP,1,Peptipedia,5155,Initial_TR_non_AVP,0,AVP-HNCL_non-AVP,neg1685,,,,,,,,
KFCEKPSGTWSGVCGNSGACKDQCIRLEGAKHGSCNYKPPAHRCICYYEC,50,Label_Mismatch,3,Initial_TS_AVP,1,Peptipedia,5434,Initial_TS_non_AVP,0,UniProt,sp|P86972|,Initial_TR_AVP,1,Stack-AVP-TR_pos,Positive_2008,,,,
KFCEKPSGTWSGVCGNSGACKDQCIRLEGAKHGSCNYKLPAHRCICYYEC,50,Label_Mismatch,3,Initial_TS_AVP,1,Peptipedia,6353,Initial_TS_non_AVP,0,UniProt,sp|P86973|,Initial_TR_non_AVP,0,AVP-HNCL_non-AVP,neg780,,,,
KFFKRLLKSVRRAVKKFRKKPRLIGLSTLL,30,Label_Mismatch,2,Initial_TS_AVP,1,Peptipedia,7204,Initial_TR_non_AVP,0,AVP-HNCL_non-AVP,neg121,,,,,,,,
KGGPCAKKPCCGPLGHYKVDCSTIPDYPCCSKYGFCGSGPQYCG,44,Label_Mismatch,2,Initial_TS_AVP,1,Peptipedia,5137,Initial_TR_non_AVP,0,AVP-HNCL_non-AVP,neg1791,,,,,,,,
KICERASGTWKGICIHSNDCNNQCVKWENAGSGSCHYQFPNYMCFCYFNC,50,Label_Mismatch,3,Initial_TS_AVP,1,Peptipedia,15181,Initial_TR_AVP,1,Stack-AVP-TR_pos,Positive_2159,Initial_TR_non_AVP,0,AVP-HNCL_non-AVP,neg1639,,,,
KICERASGTWKGICIHSNDCNNQCVKWENAGSGSCHYQFPNYMCFCYFDC,50,Label_Mismatch,2,Initial_TS_AVP,1,Peptipedia,15180,Initial_TR_non_AVP,0,AVP-HNCL_non-AVP,neg1558,,,,,,,,
KIAKVALKAL,10,Label_Mismatch,2,Initial_TS_AVP,1,Peptipedia,5122,Initial_TR_non_AVP,0,AVP-HNCL_non-AVP,neg1714,,,,,,,,
KLCERSSGTWSGVCGNNNACKNQCINLEGARHGSCNYVFPYHRCICYFPC,50,Label_Mismatch,3,Initial_TS_AVP,1,Peptipedia,15228,Initial_TR_AVP,1,Stack-AVP-TR_pos,Positive_1194,Initial_TR_non_AVP,0,AVP-HNCL_non-AVP,neg909,,,,
KLCERPSGTWSGVCGNNNACKNQCINLEKARHGSCNYVFPAHKCICYFPC,50,Label_Mismatch,2,Initial_TS_AVP,1,Peptipedia,15226,Initial_TR_non_AVP,0,AVP-HNCL_non-AVP,neg830,,,,,,,,
KKLLKWLKKLL,11,Label_Mismatch,3,Initial_TS_AVP,1,Peptipedia,5447,Initial_TR_AVP,1,Stack-AVP-TR_pos,Positive_1228,Initial_TR_non_AVP,0,AVP-HNCL_non-AVP,neg442,,,,
KPAWCWYTLAMCGAGYDSGTCDYMYSHCFGVKHSSGGGGSYHC,43,Label_Mismatch,2,Initial_TS_AVP,1,Peptipedia,4683,Initial_TR_non_AVP,0,AVP-HNCL_non-AVP,neg1072,,,,,,,,
KQQLATEAESAGPIL,15,Label_Mismatch,3,Initial_TS_AVP,1,Peptipedia,15283,Initial_TR_AVP,1,Stack-AVP-TR_pos,Positive_816,Initial_TR_non_AVP,0,AVP-HNCL_non-AVP,neg266,,,,
KRGPNCVGNFLGGLFAGAAAGVPLGPAGIVGGANLGMVGGALTCL,45,Label_Mismatch,3,Initial_TS_AVP,1,Peptipedia,6362,Initial_TR_AVP,1,Stack-AVP-TR_pos,Positive_2954,Initial_TR_non_AVP,0,AVP-HNCL_non-AVP,neg429,,,,
KRFKKFFKKLKNSVKKRAKKFFKKPKVIGVTFPF,34,Label_Mismatch,3,Initial_TS_AVP,1,Peptipedia,4185,Initial_TR_AVP,1,Stack-AVP-TR_pos,Positive_717,Initial_TR_non_AVP,0,AVP-HNCL_non-AVP,neg300,,,,
KSCCRSTQARNIYNAPRFAGGSRPLCALGSGCKIVDDKKTPPND,44,Label_Mismatch,3,Initial_TS_AVP,1,Peptipedia,5453,Initial_TR_AVP,1,Stack-AVP-TR_pos,Positive_3003,Initial_TR_non_AVP,0,AVP-HNCL_non-AVP,neg1230,,,,
KSCCRNTVARNCYNVCRIPGTPRPVCAATCDCKLITGTKCPPGYEK,46,Label_Mismatch,3,Initial_TS_AVP,1,Peptipedia,6882,Initial_TR_AVP,1,Stack-AVP-TR_pos,Positive_2059,Initial_TR_non_AVP,0,AVP-HNCL_non-AVP,neg686,,,,
KSCCPTTTARNIYNTCRFGGGSRPVCAKLSGCKIISGTKCDSGWNH,46,Label_Mismatch,3,Initial_TS_AVP,1,Peptipedia,13770,Initial_TS_non_AVP,0,UniProt,sp|P01539|,Initial_TR_AVP,1,Stack-AVP-TR_pos,Positive_2731,,,,
KSCCPNTTGRNIYNTCRFAGGSRERCAKLSGCKIISASTCPSDYPK,46,Label_Mismatch,3,Initial_TS_AVP,1,Peptipedia,15319,Initial_TS_non_AVP,0,UniProt,sp|P83554|,Initial_TR_non_AVP,0,AVP-HNCL_non-AVP,neg32,,,,
KSCCKNTTGRNIYNTCRFAGGSRERCAKLSGCKIISASTCPSDYPK,46,Label_Mismatch,3,Initial_TS_AVP,1,Peptipedia,15317,Initial_TR_AVP,1,Stack-AVP-TR_pos,Positive_758,Initial_TR_non_AVP,0,AVP-HNCL_non-AVP,neg1585,,,,
KSCCRSTTARNIYNGCRVPGTARPVCAKKSGCKIQEAKKCEPPYD,45,Label_Mismatch,3,Initial_TS_AVP,1,Peptipedia,6258,Initial_TR_AVP,1,Stack-AVP-TR_pos,Positive_4566,Initial_TR_non_AVP,0,AVP-HNCL_non-AVP,neg1930,,,,
KSKEKIGKEFKRIVQRIKDFLRNLVPRTES,30,Label_Mismatch,2,Initial_TS_AVP,1,Peptipedia,4093,Initial_TR_non_AVP,0,AVP-HNCL_non-AVP,neg1342,,,,,,,,
KSKEKIGKEFKRIVQRIKDFLRNLVPR,27,Label_Mismatch,2,Initial_TS_AVP,1,Peptipedia,6809,Initial_TR_non_AVP,0,AVP-HNCL_non-AVP,neg1520,,,,,,,,
KTCENLVDTYRGPCFTTGSCDDHCKNKEHLLSGRCRDDVRCWCTRNC,47,Label_Mismatch,3,Initial_TS_AVP,1,Peptipedia,15344,Initial_TR_AVP,1,Stack-AVP-TR_pos,Positive_3356,Initial_TR_non_AVP,0,AVP-HNCL_non-AVP,neg1608,,,,
KTCENLADTYKGPCFTTGSCD,21,Label_Mismatch,2,Initial_TS_AVP,1,Peptipedia,15340,Initial_TR_non_AVP,0,AVP-HNCL_non-AVP,neg190,,,,,,,,
KVNANAIKKGGKAIGKGFKVISAASTAHDVYEHIKNRRH,39,Label_Mismatch,3,Initial_TS_AVP,1,Peptipedia,7075,Initial_TR_AVP,1,Stack-AVP-TR_pos,Positive_954,Initial_TR_non_AVP,0,AVP-HNCL_non-AVP,neg131,,,,
LFCKRGTCHFGRCPSHLIKVGSCFGFRSCCKWPWDA,36,Label_Mismatch,3,Initial_TS_AVP,1,Peptipedia,6836,Initial_TR_AVP,1,Stack-AVP-TR_pos,Positive_3541,Initial_TR_non_AVP,0,AVP-HNCL_non-AVP,neg732,,,,
LGPALITRKPLKGKP,15,Label_Mismatch,2,Initial_TS_AVP,1,Peptipedia,15437,Initial_TS_non_AVP,0,UniProt,sp|P84958|,,,,,,,,
LKLKSIVSWAKKVL,14,Label_Mismatch,3,Initial_TS_AVP,1,Peptipedia,6079,Initial_TR_AVP,1,Stack-AVP-TR_pos,Positive_4293,Initial_TR_non_AVP,0,AVP-HNCL_non-AVP,neg1699,,,,
LLGMIPLAISAISALSKL,18,Label_Mismatch,3,Initial_TS_AVP,1,Peptipedia,7232,Initial_TS_non_AVP,0,UniProt,sp|P0DQK9|,Initial_TR_AVP,1,Stack-AVP-TR_pos,Positive_294,,,,
LLSLALAALPKLFCLIFKKC,20,Label_Mismatch,2,Initial_TS_AVP,1,Peptipedia,6804,Initial_TR_non_AVP,0,AVP-HNCL_non-AVP,neg414,,,,,,,,
LMCTHPLDCSN,11,Label_Mismatch,3,Initial_TS_AVP,1,Peptipedia,4146,Initial_TS_non_AVP,0,UniProt,sp|B3EWE8|,Initial_TR_AVP,1,Stack-AVP-TR_pos,Positive_602,,,,
LNLKGIFKKVASLLT,15,Label_Mismatch,3,Initial_TS_AVP,1,Peptipedia,5354,Initial_TS_non_AVP,0,UniProt,sp|P0C931|,Initial_TR_AVP,1,Stack-AVP-TR_pos,Positive_725,,,,
LQDAALGWGRRCPRCPRCPNCKRCPRCPTCPRCNCNPK,38,Label_Mismatch,2,Initial_TS_AVP,1,Peptipedia,5127,Initial_TR_non_AVP,0,AVP-HNCL_non-AVP,neg468,,,,,,,,
LQDAALGWGRRCPQCPRCPSCPSCPRCPRCPRCKCNPK,38,Label_Mismatch,3,Initial_TS_AVP,1,Peptipedia,6404,Initial_TR_AVP,1,Stack-AVP-TR_pos,Positive_2475,Initial_TR_non_AVP,0,AVP-HNCL_non-AVP,neg338,,,,
LQDAALGWGRRCPRCPRCPNCRRCPRCPTCPSCNCNPK,38,Label_Mismatch,3,Initial_TS_AVP,1,Peptipedia,6868,Initial_TR_AVP,1,Stack-AVP-TR_pos,Positive_2788,Initial_TR_non_AVP,0,AVP-HNCL_non-AVP,neg1081,,,,
LRDLVCYCRARGCKGRERMNGTCRKGHLLYMLCCR,35,Label_Mismatch,2,Initial_TS_AVP,1,Peptipedia,6968,Initial_TR_non_AVP,0,AVP-HNCL_non-AVP,neg641,,,,,,,,
LRPAVIRPKGK,11,Label_Mismatch,3,Initial_TS_AVP,1,Peptipedia,15545,Initial_TS_non_AVP,0,UniProt,sp|P84954|,Initial_TR_AVP,1,Stack-AVP-TR_pos,Positive_1205,,,,
LRPAFIRPKGK,11,Label_Mismatch,3,Initial_TS_AVP,1,Peptipedia,15544,Initial_TS_non_AVP,0,UniProt,sp|P84955|,Initial_TR_AVP,1,Stack-AVP-TR_pos,Positive_1144,,,,
LRQSQFVGSR,10,Label_Mismatch,3,Initial_TS_AVP,1,Peptipedia,5758,Initial_TS_non_AVP,0,UniProt,sp|P40751|,Initial_TR_AVP,1,Stack-AVP-TR_pos,Positive_4038,,,,
LTTKLWSSWGYYLGKKARWNLKHPYVQF,28,Label_Mismatch,3,Initial_TS_AVP,1,Peptipedia,5427,Initial_TR_AVP,1,Stack-AVP-TR_pos,Positive_3585,Initial_TR_non_AVP,0,AVP-HNCL_non-AVP,neg986,,,,
LSPNLLKSLL,10,Label_Mismatch,3,Initial_TS_AVP,1,Peptipedia,6685,Initial_TR_AVP,1,Stack-AVP-TR_pos,Positive_4406,Initial_TR_non_AVP,0,AVP-HNCL_non-AVP,neg788,,,,
LVQRGRFGRFLKKVRRFIPKVIIAAQIGSRFG,32,Label_Mismatch,3,Initial_TS_AVP,1,Peptipedia,4695,Initial_TR_AVP,1,Stack-AVP-TR_pos,Positive_3343,Initial_TR_non_AVP,0,AVP-HNCL_non-AVP,neg885,,,,
MTPLWRIMGTKPHGAYCQNHYECSTGICRKGHCSYSQPINS,41,Label_Mismatch,2,Initial_TS_AVP,1,Peptipedia,6728,Initial_TR_non_AVP,0,AVP-HNCL_non-AVP,neg660,,,,,,,,
NALSSPRNKCDRASSCFG,18,Label_Mismatch,3,Initial_TS_AVP,1,Peptipedia,5360,Initial_TR_AVP,1,Stack-AVP-TR_pos,Positive_3299,Initial_TR_non_AVP,0,AVP-HNCL_non-AVP,neg245,,,,
NALSMPRNKCNRALMCFG,18,Label_Mismatch,3,Initial_TS_AVP,1,Peptipedia,5022,Initial_TR_AVP,1,Stack-AVP-TR_pos,Positive_1351,Initial_TR_non_AVP,0,AVP-HNCL_non-AVP,neg52,,,,
NLCERASLTWTGNCGNTGHCDTQCRNWESAKHGACHKRGNWKCFCYFDC,49,Label_Mismatch,3,Initial_TS_AVP,1,Peptipedia,5210,Initial_TR_AVP,1,Stack-AVP-TR_pos,Positive_4429,Initial_TR_non_AVP,0,AVP-HNCL_non-AVP,neg556,,,,
NKLAYNMGHYAGKATIFGLAAWALLA,26,Label_Mismatch,3,Initial_TS_AVP,1,Peptipedia,5163,Initial_TR_AVP,1,Stack-AVP-TR_pos,Positive_3163,Initial_TR_non_AVP,0,AVP-HNCL_non-AVP,neg1812,,,,
NIFSLLSLGAKVLGKTLLKSAGKAGAEQLACKATNQC,37,Label_Mismatch,2,Initial_TS_AVP,1,Peptipedia,16205,Initial_TR_non_AVP,0,AVP-HNCL_non-AVP,neg2120,,,,,,,,
NRLSCHRNKGVCVPSRCPRHMRQIGTCRGPPVKCCRKK,38,Label_Mismatch,3,Initial_TS_AVP,1,Peptipedia,5733,Initial_TR_AVP,1,Stack-AVP-TR_pos,Positive_2492,Initial_TR_non_AVP,0,AVP-HNCL_non-AVP,neg872,,,,
QGVRNHVTCRINRGFCVPIRCPGRTRQIGTCFGPRIKCCRSW,42,Label_Mismatch,3,Initial_TS_AVP,1,Peptipedia,5488,Initial_TR_AVP,1,Stack-AVP-TR_pos,Positive_1078,Initial_TR_non_AVP,0,AVP-HNCL_non-AVP,neg1819,,,,
QICKAPSQTFPGLCFMDSSCRKYCIKEKFTGGHCSKLQRKCLCTKPC,47,Label_Mismatch,3,Initial_TS_AVP,1,Peptipedia,16349,Initial_TR_AVP,1,Stack-AVP-TR_pos,Positive_2506,Initial_TR_non_AVP,0,AVP-HNCL_non-AVP,neg1135,,,,
QLGELIQQGGQKIVEKIQKIGQRIRDFFSNLRPRQEA,37,Label_Mismatch,2,Initial_TS_AVP,1,Peptipedia,5379,Initial_TR_non_AVP,0,AVP-HNCL_non-AVP,neg238,,,,,,,,
QPFIPRPIDTCRLRNGICFPGICRRPYYWIGTCNNGIGSCCARGWRS,47,Label_Mismatch,3,Initial_TS_AVP,1,Peptipedia,6451,Initial_TR_AVP,1,Stack-AVP-TR_pos,Positive_3649,Initial_TR_non_AVP,0,AVP-HNCL_non-AVP,neg2004,,,,
QNNICKTTSKHFKGLCFADSKCRKVCIQEDKFEDGHCSKLQRKCLCTKNC,50,Label_Mismatch,3,Initial_TS_AVP,1,Peptipedia,16417,Initial_TR_AVP,1,Stack-AVP-TR_pos,Positive_1456,Initial_TR_non_AVP,0,AVP-HNCL_non-AVP,neg1947,,,,
RCVCTRGFCRCVCRRGVC,18,Label_Mismatch,2,Initial_TS_AVP,1,Peptipedia,6797,Initial_TR_non_AVP,0,AVP-HNCL_non-AVP,neg1058,,,,,,,,
RCVCTRGFCRCICLLGIC,18,Label_Mismatch,3,Initial_TS_AVP,1,Peptipedia,7053,Initial_TR_AVP,1,Stack-AVP-TR_pos,Positive_4225,Initial_TR_non_AVP,0,AVP-HNCL_non-AVP,neg136,,,,
RCVCRRGVCRCVCTRGFC,18,Label_Mismatch,3,Initial_TS_AVP,1,Peptipedia,5425,Initial_TR_AVP,1,Stack-AVP-TR_pos,Positive_2148,Initial_TR_non_AVP,0,AVP-HNCL_non-AVP,neg1630,,,,
RICRRRSAGFKGPCVSNKNCAQVCMQEGWGGGNCDGPLRRCKCMRRC,47,Label_Mismatch,2,Initial_TS_AVP,1,Peptipedia,16628,Initial_TS_non_AVP,0,UniProt,sp|P20230|,,,,,,,,
RKFHEKHHSHRGYR,14,Label_Mismatch,2,Initial_TS_AVP,1,Peptipedia,6226,Initial_TR_non_AVP,0,AVP-HNCL_non-AVP,neg1113,,,,,,,,
RKFHEKHHSHRGY,13,Label_Mismatch,2,Initial_TS_AVP,1,Peptipedia,16645,Initial_TR_non_AVP,0,AVP-HNCL_non-AVP,neg1438,,,,,,,,
RKFHEKHHSHREFPFYGDYGSNYLYDN,27,Label_Mismatch,3,Initial_TS_AVP,1,Peptipedia,16644,Initial_TR_AVP,1,Stack-AVP-TR_pos,Positive_1886,Initial_TR_non_AVP,0,AVP-HNCL_non-AVP,neg590,,,,
RKSKEKIGKEFKRIVQRIKDFLRNLVPRTES,31,Label_Mismatch,2,Initial_TS_AVP,1,Peptipedia,4084,Initial_TR_non_AVP,0,AVP-HNCL_non-AVP,neg1066,,,,,,,,
RILSILRHQNLLKELQDLAL,20,Label_Mismatch,3,Initial_TS_AVP,1,Peptipedia,4200,Initial_TR_AVP,1,Stack-AVP-TR_pos,Positive_2958,Initial_TR_non_AVP,0,AVP-HNCL_non-AVP,neg1148,,,,
RMCKTPSGKFKGYCVNNTNCKNVCRTEGFPTGSCDFHVAGRKCYCYKPCP,50,Label_Mismatch,2,Initial_TS_AVP,1,Peptipedia,5165,Initial_TR_non_AVP,0,AVP-HNCL_non-AVP,neg961,,,,,,,,
RPKPQQFFGLM,11,Label_Mismatch,3,Initial_TS_AVP,1,Peptipedia,5859,Initial_TS_non_AVP,0,UniProt,sp|P67932|,Initial_TR_AVP,1,Stack-AVP-TR_pos,Positive_4498,,,,
RRICRCRIGRCLGLEVYFGVCFLHGRLARRCCR,33,Label_Mismatch,3,Initial_TS_AVP,1,Peptipedia,4758,Initial_TS_non_AVP,0,UniProt,sp|P84757|,Initial_TR_AVP,1,Stack-AVP-TR_pos,Positive_1022,,,,
RRWVRRVRRWVRRVVRVVRRWVRR,24,Label_Mismatch,3,Initial_TS_AVP,1,Peptipedia,6489,Initial_TR_AVP,1,Stack-AVP-TR_pos,Positive_471,Initial_TR_non_AVP,0,AVP-HNCL_non-AVP,neg1873,,,,
RRLHPQHQRFPRERPWPKPLSLPLPRPGPRPWPKPL,36,Label_Mismatch,3,Initial_TS_AVP,1,Peptipedia,5185,Initial_TR_AVP,1,Stack-AVP-TR_pos,Positive_2449,Initial_TR_non_AVP,0,AVP-HNCL_non-AVP,neg743,,,,
RTCRCRFGRCFRRESYSGSCNINGRISSLCCR,32,Label_Mismatch,2,Initial_TS_AVP,1,Peptipedia,6504,Initial_TR_non_AVP,0,AVP-HNCL_non-AVP,neg1906,,,,,,,,
RTCESQSHRFKGTCVRQSNCAAVCQTEGFHGGNCRGFRRRCFCTKHC,47,Label_Mismatch,3,Initial_TS_AVP,1,Peptipedia,16764,Initial_TR_AVP,1,Stack-AVP-TR_pos,Positive_333,Initial_TR_non_AVP,0,AVP-HNCL_non-AVP,neg672,,,,
RWKIFKKIEKVGRNVRDGIIKAGPAVAVVGQAATVVK,37,Label_Mismatch,2,Initial_TS_AVP,1,Peptipedia,5382,Initial_TR_non_AVP,0,AVP-HNCL_non-AVP,neg1653,,,,,,,,
RVRRFWPLVPVAINTVAAGINLYKAIRRK,29,Label_Mismatch,2,Initial_TS_AVP,1,Peptipedia,6015,Initial_TR_non_AVP,0,AVP-HNCL_non-AVP,neg333,,,,,,,,
RTKRRIKLIKNGVKKVKDILKNNNIIILPGSNEK,34,Label_Mismatch,3,Initial_TS_AVP,1,Peptipedia,4956,Initial_TR_AVP,1,Stack-AVP-TR_pos,Positive_2370,Initial_TR_non_AVP,0,AVP-HNCL_non-AVP,neg1010,,,,
RVCMKGSQHHSFPCISDRLCSNECVKEEGGWTAGYCHLRYCRCQKAC,47,Label_Mismatch,3,Initial_TS_AVP,1,Peptipedia,16776,Initial_TR_AVP,1,Stack-AVP-TR_pos,Positive_1291,Initial_TR_non_AVP,0,AVP-HNCL_non-AVP,neg1896,,,,
SAIACGESCVYIPCFIPGCSCRNRVCYLN,29,Label_Mismatch,3,Initial_TS_AVP,1,Peptipedia,16826,Initial_TS_non_AVP,0,UniProt,sp|P85233|,Initial_TR_AVP,1,Stack-AVP-TR_pos,Positive_3851,,,,
RYHMQCGYRGTFCTPGKCPYGNAYLGLCRPKYSCCRWL,38,Label_Mismatch,3,Initial_TS_AVP,1,Peptipedia,4597,Initial_TR_AVP,1,Stack-AVP-TR_pos,Positive_1720,Initial_TR_non_AVP,0,AVP-HNCL_non-AVP,neg1009,,,,
SALVGCWTKSYPPNPCFGRG,20,Label_Mismatch,3,Initial_TS_AVP,1,Peptipedia,4776,Initial_TR_AVP,1,Stack-AVP-TR_pos,Positive_19,Initial_TR_non_AVP,0,AVP-HNCL_non-AVP,neg151,,,,
SALVGCWTKSWPPKPCFGRG,20,Label_Mismatch,3,Initial_TS_AVP,1,Peptipedia,7097,Initial_TR_AVP,1,Stack-AVP-TR_pos,Positive_1979,Initial_TR_non_AVP,0,AVP-HNCL_non-AVP,neg879,,,,
SCTTCVCTCSCCTT,14,Label_Mismatch,3,Initial_TS_AVP,1,Peptipedia,5969,Initial_TS_non_AVP,0,UniProt,sp|P0C8P6|,Initial_TR_AVP,1,Stack-AVP-TR_pos,Positive_1758,,,,
SDEKASPDKHHRFSLSRYAKLANRLANPKLLETFLSKWIGDRGNRSV,47,Label_Mismatch,3,Initial_TS_AVP,1,Peptipedia,5711,Initial_TR_AVP,1,Stack-AVP-TR_pos,Positive_2375,Initial_TR_non_AVP,0,AVP-HNCL_non-AVP,neg128,,,,
SFLTTFKDLAIKAAKSAGQSVLSTLSCKLSNTC,33,Label_Mismatch,3,Initial_TS_AVP,1,Peptipedia,5074,Initial_TR_AVP,1,Stack-AVP-TR_pos,Positive_2292,Initial_TR_non_AVP,0,AVP-HNCL_non-AVP,neg170,,,,
SFLDTLKNLAISAAKGAGQSVLSTLSCKLSKTC,33,Label_Mismatch,2,Initial_TS_AVP,1,Peptipedia,5612,Initial_TR_non_AVP,0,AVP-HNCL_non-AVP,neg619,,,,,,,,
SFLDTLKNLAISAAKGAGQSVLSTLSCKLSETC,33,Label_Mismatch,2,Initial_TS_AVP,1,Peptipedia,6997,Initial_TR_non_AVP,0,AVP-HNCL_non-AVP,neg1013,,,,,,,,
SIGAKILGGVKTFFKGALKELAFTYLQ,27,Label_Mismatch,2,Initial_TS_AVP,1,Peptipedia,4659,Initial_TR_non_AVP,0,AVP-HNCL_non-AVP,neg1221,,,,,,,,
SIRDKIKTIAIDLAKSAGMGILKTLICKLDKSC,33,Label_Mismatch,2,Initial_TS_AVP,1,Peptipedia,6758,Initial_TR_non_AVP,0,AVP-HNCL_non-AVP,neg1858,,,,,,,,
SIPCGESCVFIPCTVTALLGCSCKSKVCYKN,31,Label_Mismatch,4,Initial_TS_AVP,1,Peptipedia,6380,Initial_TS_non_AVP,0,UniProt,sp|P56872|,Initial_TR_AVP,1,Stack-AVP-TR_pos,Positive_3279,Initial_TR_non_AVP,0,AVP-HNCL_non-AVP,neg1756
SKITDILAKLGKVLAHV,17,Label_Mismatch,3,Initial_TS_AVP,1,Peptipedia,5510,Initial_TS_non_AVP,0,UniProt,sp|P07493|,Initial_TR_AVP,1,Stack-AVP-TR_pos,Positive_4568,,,,
SISCGESCVYIPCTVTALVGCTCKDKVCYLN,31,Label_Mismatch,2,Initial_TS_AVP,1,Peptipedia,16867,Initial_TS_non_AVP,0,UniProt,sp|P84647|,,,,,,,,
SLLGTVKDLLIGAGKSAAQSVLKGLSGKLSKDC,33,Label_Mismatch,3,Initial_TS_AVP,1,Peptipedia,5219,Initial_TR_AVP,1,Stack-AVP-TR_pos,Positive_2043,Initial_TR_non_AVP,0,AVP-HNCL_non-AVP,neg1346,,,,
SLLDTFKNLAVNAAKSAGVSVLNALSCKISRTC,33,Label_Mismatch,2,Initial_TS_AVP,1,Peptipedia,6962,Initial_TR_non_AVP,0,AVP-HNCL_non-AVP,neg844,,,,,,,,
SMISVLKNLGKVGLGFVACKVNKQC,25,Label_Mismatch,3,Initial_TS_AVP,1,Peptipedia,4707,Initial_TR_AVP,1,Stack-AVP-TR_pos,Positive_2953,Initial_TR_non_AVP,0,AVP-HNCL_non-AVP,neg1307,,,,
SPPSEQLGKSFNF,13,Label_Mismatch,3,Initial_TS_AVP,1,Peptipedia,5184,Initial_TR_AVP,1,Stack-AVP-TR_pos,Positive_3570,Initial_TR_non_AVP,0,AVP-HNCL_non-AVP,neg575,,,,
SPAGCRFCCGCCPNMRGCGVCCRF,24,Label_Mismatch,2,Initial_TS_AVP,1,Peptipedia,6751,Initial_TR_non_AVP,0,AVP-HNCL_non-AVP,neg1237,,,,,,,,
SSGWVCTLTIECGTVICAC,19,Label_Mismatch,3,Initial_TS_AVP,1,Peptipedia,6792,Initial_TR_AVP,1,Stack-AVP-TR_pos,Positive_1598,Initial_TR_non_AVP,0,AVP-HNCL_non-AVP,neg606,,,,
SWFSRTVHNVGNAVRKGIHAGQGVCSGLGL,30,Label_Mismatch,3,Initial_TS_AVP,1,Peptipedia,5482,Initial_TR_AVP,1,Stack-AVP-TR_pos,Positive_3093,Initial_TR_non_AVP,0,AVP-HNCL_non-AVP,neg1531,,,,
TPFKLSLHL,9,Label_Mismatch,3,Initial_TS_AVP,1,Peptipedia,6340,Initial_TR_AVP,1,Stack-AVP-TR_pos,Positive_3978,Initial_TR_non_AVP,0,AVP-HNCL_non-AVP,neg1590,,,,
TYMPVEEGEYIVNISYADQPKKNSPFTAKKQPGPKVDLSGVKAYGPG,47,Label_Mismatch,3,Initial_TS_AVP,1,Peptipedia,5563,Initial_TR_AVP,1,Stack-AVP-TR_pos,Positive_756,Initial_TR_non_AVP,0,AVP-HNCL_non-AVP,neg673,,,,
VDKPPYLPRPPPPRRIYNNR,20,Label_Mismatch,3,Initial_TS_AVP,1,Peptipedia,6782,Initial_TR_AVP,1,Stack-AVP-TR_pos,Positive_3733,Initial_TR_non_AVP,0,AVP-HNCL_non-AVP,neg1628,,,,
VIPFVASVAAEMQHVYCAASRKC,23,Label_Mismatch,2,Initial_TS_AVP,1,Peptipedia,5608,Initial_TS_non_AVP,0,UniProt,sp|P40836|,,,,,,,,
VGKTWIKVIRGIGKSKIKWQ,20,Label_Mismatch,3,Initial_TS_AVP,1,Peptipedia,6511,Initial_TR_AVP,1,Stack-AVP-TR_pos,Positive_1790,Initial_TR_non_AVP,0,AVP-HNCL_non-AVP,neg681,,,,
VNWKKVLGKIIKVAK,15,Label_Mismatch,3,Initial_TS_AVP,1,Peptipedia,5767,Initial_TS_non_AVP,0,UniProt,sp|C0HK42|,Initial_TR_AVP,1,Stack-AVP-TR_pos,Positive_1857,,,,
SVSCLRNKGVCMPGKCAPKMKQIGTCGMPQVKCCKRK,37,Label_Mismatch,3,Initial_TS_AVP,1,Peptipedia,5981,Initial_TR_AVP,1,Stack-AVP-TR_pos,Positive_2456,Initial_TR_non_AVP,0,AVP-HNCL_non-AVP,neg48,,,,
SVLGTVKDLLIGAGKSAAQSVLTALSCKLSNSC,33,Label_Mismatch,2,Initial_TS_AVP,1,Peptipedia,5622,Initial_TR_non_AVP,0,AVP-HNCL_non-AVP,neg270,,,,,,,,
SWLSKTAKKLENSAKKRISEGIAIAIKGGSR,31,Label_Mismatch,2,Initial_TS_AVP,1,Peptipedia,6279,Initial_TR_non_AVP,0,AVP-HNCL_non-AVP,neg1755,,,,,,,,
TESYFVFSVGM,11,Label_Mismatch,2,Initial_TS_AVP,1,Peptipedia,6091,Initial_TS_non_AVP,0,UniProt,sp|P86706|,,,,,,,,
TITLSTCAILSKPLGNNGYLCTVTKECMPSSCN,33,Label_Mismatch,3,Initial_TS_AVP,1,Peptipedia,6445,Initial_TR_AVP,1,Stack-AVP-TR_pos,Positive_629,Initial_TR_non_AVP,0,AVP-HNCL_non-AVP,neg967,,,,
VGIGTPIFSYGGGAGHVPEYF,21,Label_Mismatch,3,Initial_TS_AVP,1,Peptipedia,6331,Initial_TR_AVP,1,Stack-AVP-TR_pos,Positive_596,Initial_TR_non_AVP,0,AVP-HNCL_non-AVP,neg1975,,,,
VNWKKILGKIIKVVK,15,Label_Mismatch,3,Initial_TS_AVP,1,Peptipedia,4176,Initial_TS_non_AVP,0,UniProt,sp|C0HK44|,Initial_TR_AVP,1,Stack-AVP-TR_pos,Positive_2385,,,,
VNWKKILGKIIKVAK,15,Label_Mismatch,2,Initial_TS_AVP,1,Peptipedia,5869,Initial_TS_non_AVP,0,UniProt,sp|C0HK43|,,,,,,,,
VVKCSYRLGSPDSQCN,16,Label_Mismatch,2,Initial_TS_AVP,1,Peptipedia,5906,Initial_TR_non_AVP,0,AVP-HNCL_non-AVP,neg203,,,,,,,,
VTSWSLCTPGCTSPGGGSNCSFCC,24,Label_Mismatch,3,Initial_TS_AVP,1,Peptipedia,6761,Initial_TS_non_AVP,0,UniProt,sp|P85065|,Initial_TR_AVP,1,Stack-AVP-TR_pos,Positive_4452,,,,
YDLSKNCRLRGGICYIGKCPRRFFRSGSCSRGNVCCLRFG,40,Label_Mismatch,3,Initial_TS_AVP,1,Peptipedia,4725,Initial_TS_non_AVP,0,UniProt,sp|P86253|,Initial_TR_AVP,1,Stack-AVP-TR_pos,Positive_2023,,,,
WNPFKELERAGQRVRDAVISAAAVATVGQAAAIARG,36,Label_Mismatch,2,Initial_TS_AVP,1,Peptipedia,4895,Initial_TR_non_AVP,0,AVP-HNCL_non-AVP,neg1827,,,,,,,,
YPSKPDNPGEDAPAEDMARYYSALRHYINLITRQRY,36,Label_Mismatch,3,Initial_TS_AVP,1,Peptipedia,3502,Initial_TS_non_AVP,0,UniProt,sp|P68006|,Initial_TR_AVP,1,Stack-AVP-TR_pos,Positive_1156,,,,
YPPKPESPGEDASPEEMNKYLTALRHYINLVTRQRY,36,Label_Mismatch,3,Initial_TS_AVP,1,Peptipedia,5352,Initial_TS_non_AVP,0,UniProt,sp|P80952|,Initial_TR_AVP,1,Stack-AVP-TR_pos,Positive_2041,,,,
IFGAIWNGIKSLF,13,Label_Mismatch,2,Initial_TR_AVP,1,Stack-AVP-TR_pos,Positive_375,Initial_TR_non_AVP,0,AVP-HNCL_non-AVP,neg974,,,,,,,,
GLFGKSSVWGRKYYVDLAGCAKA,23,Label_Mismatch,2,Initial_TR_AVP,1,Stack-AVP-TR_pos,Positive_2458,Initial_TR_non_AVP,0,AVP-HNCL_non-AVP,neg1817,,,,,,,,
